self_bib_id	self_isbn	self_ndl	bencom_bib_id	bencom_collision	self_title
alo:book:isbn:9784000248914	9784000248914	030319038	NOBN_20200414_民法改正と不法行為_01	1	民法改正と不法行為
alo:book:isbn:9784000613316	9784000613316	029525284	NOBN_20190327_最高裁に告ぐ_01	1	最高裁に告ぐ
alo:book:isbn:9784000615525	9784000615525	032285254	NOBN_20220818_金融危機と倒産法制_01	1	金融危機と倒産法制
alo:book:isbn:9784004312666	9784004312666	000010999562	NOBN_20100917_知的財産法入門_01	1	知的財産法入門
alo:book:isbn:9784004318095	9784004318095	030023781	NOBN_20191120_AIの時代と法_01	1	AIの時代と法
alo:book:isbn:9784004319733	9784004319733	032774348	NOBN_20230519_敵対的買収とアクティビスト_01	1	敵対的買収とアクティビスト
alo:book:isbn:9784130311908	9784130311908	028507535	NOBN_20170929_要説_中国法_01	1	要説中国法
alo:book:isbn:9784130323758	9784130323758	026499710	NOBN_20150630_国際経済法_01	1	国際経済法
alo:book:isbn:9784130323833	9784130323833	024920300	NOBN_20131025_例解_行政法_01	1	例解行政法
alo:book:isbn:9784130361484	9784130361484	027236421	NOBN_20160425_英米民事訴訟法_01	1	英米民事訴訟法
alo:book:isbn:9784260048064	9784260048064	031981292	NOBN_20220215_トラブルを未然に防ぐカルテの書き方_01	1	トラブルを未然に防ぐカルテの書き方
alo:book:isbn:9784260053198	9784260053198	032994223	NOBN_20230901_職場のメンタルヘルスケア入門_01	1	職場のメンタルヘルスケア入門
alo:book:isbn:9784313313996	9784313313996	027824223	NOBN_20170118_企業を守る_ネット炎上対応の実務_01	1	企業を守るネット炎上対応の実務
alo:book:isbn:9784313314108	9784313314108	027993438	NOBN_20170302_男性のための離婚の法律相談_01	1	男性のための離婚の法律相談
alo:book:isbn:9784313314146	9784313314146	027959997	NOBN_20170216_若手法律家のための和解のコツ_01	1	若手法律家のための和解のコツ
alo:book:isbn:9784313314191	9784313314191	031927469	NOBN_20220201_裁判例にみる交通事故の刑事処分・量刑判断_01	1	裁判例にみる交通事故の刑事処分・量刑判断
alo:book:isbn:9784313314245	9784313314245	033100557	NOBN_20231020_事例でわかる_リアル破産事件処理_01	1	事例でわかるリアル破産事件処理
alo:book:isbn:9784313511606	9784313511606	027279491	NOBN_20160518_若手法律家のための法律相談入門_01	1	若手法律家のための法律相談入門
alo:book:isbn:9784313511637	9784313511637	028486597	NOBN_20170920_裁判官はこう考える_弁護士はこう実践する_民事裁判手続_01	1	裁判官はこう考える弁護士はこう実践する民事裁判手続
alo:book:isbn:9784313511699	9784313511699	029753789	NOBN_20190704_実践!!_業務委託契約書審査の実務_01	1	実践!!業務委託契約書審査の実務
alo:book:isbn:9784313511705	9784313511705	029985947	NOBN_20191010_若手法律家のための民事尋問戦略_01	1	若手法律家のための民事尋問戦略
alo:book:isbn:9784313511729	9784313511729	030085378	NOBN_20191130_実践!!_秘密保持契約書審査の実務_01	1	実践!!秘密保持契約書審査の実務
alo:book:isbn:9784313511767	9784313511767	032380672	NOBN_20160518_若手法律家のための法律相談入門_01	1	若手法律家のための法律相談入門
alo:book:isbn:9784313511873	9784313511873	031372935	NOBN_20210416_中小企業の残業代紛争_使用者側の実務_01	1	中小企業の残業代紛争使用者側の実務
alo:book:isbn:9784313511880	9784313511880	031372936	NOBN_20210416_QAでわかる_業種別_下請法の実務_01	1	Q&Aでわかる業種別下請法の実務
alo:book:isbn:9784313511897	9784313511897	032429593	NOBN_20221025_マンガ_弁護士のための史上最悪の離婚事件_01	1	マンガ弁護士のための史上最悪の離婚事件
alo:book:isbn:9784313511903	9784313511903	031927470	NOBN_20220201_新人弁護士カエデ、行政法に挑む_01	1	新人弁護士カエデ、行政法に挑む
alo:book:isbn:9784313511941	9784313511941	032427617	NOBN_20221025_改正民法による相隣関係の実務_01	1	改正民法による相隣関係の実務
alo:book:isbn:9784313511996	9784313511996	032730556	NOBN_20230407_法律知識なしでも読める_法務担当の契約書審査の基本_01	1	法律知識なしでも読める法務担当の契約書審査の基本
alo:book:isbn:9784313512047	9784313512047	033001026	NOBN_20230901_こんなときどうする_法律家の依頼者対応_01	1	こんなときどうする法律家の依頼者対応
alo:book:isbn:9784313512115	9784313512115	033417508	NOBN_20240419_若手弁護士のための相談・受任・解決トラブル回避術_01	1	若手弁護士のための相談・受任・解決トラブル回避術
alo:book:isbn:9784322121346	9784322121346	023782374	NOBN_20120730_一問一答_改正資産流動化法_01	1	一問一答改正資産流動化法
alo:book:isbn:9784322130133	9784322130133	027464906	NOBN_20160721_詳解_保険業法_01	1	詳解保険業法
alo:book:isbn:9784322132274	9784322132274	028597396	NOBN_20171122_新債権法下の債権管理回収実務QA_01	1	新債権法下の債権管理回収実務Q&A
alo:book:isbn:9784322132915	9784322132915	029060752	NOBN_20180720_実務必携_信用金庫法_01	1	実務必携信用金庫法
alo:book:isbn:9784322141542	9784322141542	032157383	NOBN_20220531_ストーリー法人破産申立て_01	1	ストーリー法人破産申立て
alo:book:isbn:9784324109489	9784324109489	031363079	NOBN_20210401_実務が変わる!_QA民事裁判手続IT化_01	1	実務が変わる!Q&A民事裁判手続IT化
alo:book:isbn:9784324110119	9784324110119	031486702	NOBN_20210601_新旧対照解説_改正民法・不動産登記法_01	1	新旧対照解説改正民法・不動産登記法
alo:book:isbn:9784324110430	9784324110430	031635444	NOBN_20210901_使用貸借の法律と実務_01	1	使用貸借の法律と実務
alo:book:isbn:9784324111956	9784324111956	032333774	NOBN_20220901_労働災害の法律実務_01	1	労働災害の法律実務
alo:book:isbn:9784326402847	9784326402847	024687724	NOBN_20130701_電子商取引法_01	1	電子商取引法
alo:book:isbn:9784326402960	9784326402960	025978347	NOBN_20150101_著作権法概論_01	1	著作権法概論
alo:book:isbn:9784326403271	9784326403271	028298201	NOBN_20170601_金融から学ぶ会社法入門_01	1	金融から学ぶ会社法入門
alo:book:isbn:9784326403318	9784326403318	027973398	NOBN_20170201_マンション法の判例解説_01	1	マンション法の判例解説
alo:book:isbn:9784326403349	9784326403349	027872905	NOBN_20170201_情報法のリーガル・マインド_01	1	情報法のリーガル・マインド
alo:book:isbn:9784326403363	9784326403363	028509833	NOBN_20170901_ファッションロー_01	1	ファッションロー
alo:book:isbn:9784326403387	9784326403387	028347405	NOBN_20170701_最新判例にみるインターネット上のプライバシー・個人情報保護の理論と実務_01	1	最新判例にみるインターネット上のプライバシー・個人情報保護の理論と実務
alo:book:isbn:9784326403486	9784326403486	028816938	NOBN_20180201_職務発明の実務QA_01	1	職務発明の実務Q&A
alo:book:isbn:9784326403509	9784326403509	028760902	NOBN_20180101_損害賠償の法務_01	1	損害賠償の法務
alo:book:isbn:9784326403554	9784326403554	028984467	NOBN_20180501_EU一般データ保護規則_01	1	EU一般データ保護規則
alo:book:isbn:9784326403592	9784326403592	029147919	NOBN_20180801_損失補償法コンメンタール_01	1	損失補償法コンメンタール
alo:book:isbn:9784326403615	9784326403615	029487457	NOBN_20190201_資金決済法の理論と実務_01	1	資金決済法の理論と実務
alo:book:isbn:9784326403684	9784326403684	029986107	NOBN_20191001_少数株主権等の理論と実務_01	1	少数株主権等の理論と実務
alo:book:isbn:9784326403691	9784326403691	030111362	NOBN_20191201_金融商品取引法の理論・実務・判例_01	1	金融商品取引法の理論・実務・判例
alo:book:isbn:9784326403707	9784326403707	030175843	NOBN_20200101_EUデータ保護法_01	1	EUデータ保護法
alo:book:isbn:9784326403721	9784326403721	030199199	NOBN_20200101_実務成年後見法_01	1	実務成年後見法
alo:book:isbn:9784326403769	9784326403769	030372966	NOBN_20200401_実務解説_行政訴訟_01	1	実務解説行政訴訟
alo:book:isbn:9784326403820	9784326403820	030698961	NOBN_20201001_改正民事執行法の論点と今後の課題_01	1	改正民事執行法の論点と今後の課題
alo:book:isbn:9784326403868	9784326403868	031230841	NOBN_20210101_企業法務入門20講_01	1	企業法務入門20講
alo:book:isbn:9784326403929	9784326403929	031541743	NOBN_20210701_〈ケース研究〉著作物の類似性判断_01	1	〈ケース研究〉著作物の類似性判断
alo:book:isbn:9784326403936	9784326403936	031515956	NOBN_20210601_独占禁止法の研究_01	1	独占禁止法の研究
alo:book:isbn:9784326403950	9784326403950	031619789	NOBN_20210801_会社法入門20講_01	1	会社法入門20講
alo:book:isbn:9784326403967	9784326403967	031673839	NOBN_20210901_オープンイノベーションの知財・法務_01	1	オープンイノベーションの知財・法務
alo:book:isbn:9784326404032	9784326404032	031951064	NOBN_20100531_金融と法_01	1	金融と法
alo:book:isbn:9784326404056	9784326404056	032007105	NOBN_20220301_デザイン保護法_01	1	デザイン保護法
alo:book:isbn:9784326404209	9784326404209	032720992	NOBN_20230301_災害法律相談QA_01	1	災害法律相談Q&A
alo:book:isbn:9784326404216	9784326404216	032913772	NOBN_20230701_33のテーマで読み解く意匠法_01	1	33のテーマで読み解く意匠法
alo:book:isbn:9784326404261	9784326404261	032996304	NOBN_20230801_人事データ保護法入門_01	1	人事データ保護法入門
alo:book:isbn:9784326404315	9784326404315	033265891	NOBN_20240101_実務_人事訴訟法_01	1	実務人事訴訟法
alo:book:isbn:9784326404322	9784326404322	033174954	NOBN_20231201_不動産の法務_01	1	不動産の法務
alo:book:isbn:9784326404353	9784326404353	033331092	NOBN_20240201_AIと著作権_01	1	AIと著作権
alo:book:isbn:9784326451272	9784326451272	031964516	NOBN_20220201_国際民事手続法_01	1	国際民事手続法
alo:book:isbn:9784335300974	9784335300974	029481212	NOBN_20190212_関係の対等性と平等_01	1	関係の対等性と平等
alo:book:isbn:9784335300981	9784335300981	032388359	NOBN_20221004_国際法哲学の復権_01	1	国際法哲学の復権
alo:book:isbn:9784335303821	9784335303821	029810939	NOBN_20190731_アメリカ高齢者法_01	1	アメリカ高齢者法
alo:book:isbn:9784335303845	9784335303845	031396720	NOBN_20210427_アメリカ家族法_01	1	アメリカ家族法
alo:book:isbn:9784335313301	9784335313301	029985908	NOBN_20191017_プレップ知的財産法_01	1	プレップ知的財産法
alo:book:isbn:9784335313325	9784335313325	031617708	NOBN_20210831_プレップ社会保障法_01	1	プレップ社会保障法
alo:book:isbn:9784335315114	9784335315114	029264631	NOBN_20181019_法治行政論_01	1	法治行政論
alo:book:isbn:9784335315824	9784335315824	032326378	NOBN_20220831_地理的表示保護制度の生成と展開_01	1	地理的表示保護制度の生成と展開
alo:book:isbn:9784335357305	9784335357305	028974994	NOBN_20180524_保険業法_01	1	保険業法
alo:book:isbn:9784335357770	9784335357770	029398278	NOBN_20190107_AI・HRテック対応_人事労務情報管理の法律実務_01	1	AI・HRテック対応人事労務情報管理の法律実務
alo:book:isbn:9784335357893	9784335357893	029645039	NOBN_20190509_実務解説_改正相続法_01	1	実務解説改正相続法
alo:book:isbn:9784335358135	9784335358135	030280734	NOBN_20200312_実務解説_改正債権法附則_01	1	実務解説改正債権法附則
alo:book:isbn:9784335358142	9784335358142	030301242	NOBN_20200324_中小企業オーナーのための財産・株式管理と承継の法律実務_01	1	中小企業オーナーのための財産・株式管理と承継の法律実務
alo:book:isbn:9784335358845	9784335358845	032465922	NOBN_20221115_実務解説_改正物権法_01	1	実務解説改正物権法
alo:book:isbn:9784335358920	9784335358920	031958994	NOBN_20200221_アメリカにおける第二の親の決定_01	1	アメリカにおける第二の親の決定
alo:book:isbn:9784384046342	9784384046342	026040164	NOBN_20150110_すぐに役立つ_図解とQAで納得_損害賠償・慰謝料をめぐる法律とトラブル解決法165_01	1	すぐに役立つ図解とQ&Aで納得損害賠償・慰謝料をめぐる法律とトラブル解決法165
alo:book:isbn:9784384046410	9784384046410	026241833	NOBN_20150410_すぐに役立つ_図解とQAでわかる_最新_ネットトラブルの法律知識とプロバイダへの削除依頼・開示請求の仕方_01	1	すぐに役立つ図解とQ&Aでわかる最新ネットトラブルの法律知識とプロバイダへの削除依頼・開示請求の仕方
alo:book:isbn:9784384046427	9784384046427	026310733	NOBN_20150510_すぐに役立つ_図解とQAでわかる_不動産をめぐる税金の知識と疑問解決マニュアル111_01	1	すぐに役立つ図解とQ&Aでわかる不動産をめぐる税金の知識と疑問解決マニュアル111
alo:book:isbn:9784384046441	9784384046441	026310735	NOBN_20150510_図解_改正法対応_会社法の基本がわかる事典_01	1	図解改正法対応会社法の基本がわかる事典
alo:book:isbn:9784384046465	9784384046465	026379746	NOBN_20150610_図解_最新_相続・贈与・財産管理の法律と税金がわかる事典_01	1	図解最新相続・贈与・財産管理の法律と税金がわかる事典
alo:book:isbn:9784384046489	9784384046489	026439469	NOBN_20150710_すぐに役立つ_投資家のための_図解_はじめての決算書・税金・法律入門_01	1	すぐに役立つ投資家のための図解はじめての決算書・税金・法律入門
alo:book:isbn:9784384046526	9784384046526	026572886	NOBN_20150810_すぐに役立つ_入門図解_法人税のしくみと手続き_01	1	すぐに役立つ入門図解法人税のしくみと手続き
alo:book:isbn:9784384046533	9784384046533	026647646	NOBN_20150910_すぐに役立つ_入門図解_マイナンバー法のしくみと手続き_01	1	すぐに役立つ入門図解マイナンバー法のしくみと手続き
alo:book:isbn:9784384047370	9784384047370	027778364	NOBN_20170110_すぐに役立つ_図解とQAでわかる_賃貸トラブル解決マニュアル_01	1	すぐに役立つ図解とQ&Aでわかる賃貸トラブル解決マニュアル
alo:book:isbn:9784384047387	9784384047387	027778374	NOBN_20170110_すぐに役立つ_入門図解_不動産登記の法律と申請手続きマニュアル_01	1	すぐに役立つ入門図解不動産登記の法律と申請手続きマニュアル
alo:book:isbn:9784384047981	9784384047981	029267187	NOBN_20181030_すぐに役立つ_改正対応_著作権・コンテンツビジネスの法律とトラブル解決マニュアル_01	1	すぐに役立つ改正対応著作権・コンテンツビジネスの法律とトラブル解決マニュアル
alo:book:isbn:9784384048698	9784384048698	031486651	NOBN_20210630_すぐに役立つ_入門図解_最新_マンション管理の法律と実務_01	1	すぐに役立つ入門図解最新マンション管理の法律と実務
alo:book:isbn:9784384048728	9784384048728	031552588	NOBN_20210730_図解_最新_不動産登記の基本と実務がわかる事典_01	1	図解最新不動産登記の基本と実務がわかる事典
alo:book:isbn:9784384048766	9784384048766	031645061	NOBN_20210930_図解_経理の基本と実務がわかる事典_01	1	図解経理の基本と実務がわかる事典
alo:book:isbn:9784384048773	9784384048773	031723090	NOBN_20211030_図解_労務管理の基本と実務がわかる事典_01	1	図解労務管理の基本と実務がわかる事典
alo:book:isbn:9784384048797	9784384048797	031781926	NOBN_20211130_図解で早わかり_最新_相続登記のしくみ_01	1	図解で早わかり最新相続登記のしくみ
alo:book:isbn:9784384048827	9784384048827	031851038	NOBN_20211230_すぐに役立つ_相続登記・相続税・事業承継の法律と書式_01	1	すぐに役立つ相続登記・相続税・事業承継の法律と書式
alo:book:isbn:9784384048872	9784384048872	032019376	NOBN_20220330_すぐに役立つ_図解とQAでわかる_最新_空き家をめぐる法律と税金_01	1	すぐに役立つ図解とQ&Aでわかる最新空き家をめぐる法律と税金
alo:book:isbn:9784384048889	9784384048889	032019374	NOBN_20220330_すぐに役立つ_図解とQAでわかる_最新_高年齢者雇用安定法をめぐる法律問題_01	1	すぐに役立つ図解とQ&Aでわかる最新高年齢者雇用安定法をめぐる法律問題
alo:book:isbn:9784384049008	9784384049008	032375230	NOBN_20220930_図解_最新_知的財産権のしくみと手続きがわかる事典_01	1	図解最新知的財産権のしくみと手続きがわかる事典
alo:book:isbn:9784384049046	9784384049046	032476956	NOBN_20221130_すぐに役立つ_電子商取引から削除請求まで_図解とQAでわかる_最新_ネットトラブルをめぐる法律とトラブル解決法_01	1	すぐに役立つ電子商取引から削除請求まで図解とQ&Aでわかる最新ネットトラブルをめぐる法律とトラブル解決法
alo:book:isbn:9784384049107	9784384049107	032642654	NOBN_20230228_すぐに役立つ_入門図解_最新_法人税のしくみと法人税申告書の書き方_01	1	すぐに役立つ入門図解最新法人税のしくみと法人税申告書の書き方
alo:book:isbn:9784384049121	9784384049121	032695458	NOBN_20230330_事業者必携_入門図解_介護施設の法律問題・施設管理と介護サービス申請手続き_01	1	事業者必携入門図解介護施設の法律問題・施設管理と介護サービス申請手続き
alo:book:isbn:9784384049176	9784384049176	032880915	NOBN_20230630_事業者必携_入門図解_採用から退職まで_給与計算・賞与・退職手続きの法律と税金実務マニュアル_01	1	事業者必携入門図解採用から退職まで給与計算・賞与・退職手続きの法律と税金実務マニュアル
alo:book:isbn:9784384049190	9784384049190	032932897	NOBN_20230730_事業者必携_入門図解_最新_就業規則の作り方と社内規程サンプル集_01	1	事業者必携入門図解最新就業規則の作り方と社内規程サンプル集
alo:book:isbn:9784384049206	9784384049206	032932898	NOBN_20230730_図解で早わかり_最新_土地・建物の法律_基本と手続きがわかる事典_01	1	図解で早わかり最新土地・建物の法律基本と手続きがわかる事典
alo:book:isbn:9784384049213	9784384049213	033054035	NOBN_20230930_事業者必携_最新_特定商取引法・景品表示法・個人情報保護法の法律入門_01	1	事業者必携最新特定商取引法・景品表示法・個人情報保護法の法律入門
alo:book:isbn:9784384049220	9784384049220	032991819	NOBN_20230830_すぐに役立つ_入門図解_最新_家事事件手続法のしくみと手続き_実践書式50_01	1	すぐに役立つ入門図解最新家事事件手続法のしくみと手続き実践書式50
alo:book:isbn:9784384049275	9784384049275	033168051	NOBN_20231130_事業者必携_入門図解_最新_ネットビジネス運営のための法律と手続き_01	1	事業者必携入門図解最新ネットビジネス運営のための法律と手続き
alo:book:isbn:9784384049282	9784384049282	033168052	NOBN_20231130_事業者必携_最新_社会保険のしくみと届出書類の書き方_01	1	事業者必携最新社会保険のしくみと届出書類の書き方
alo:book:isbn:9784384049299	9784384049299	033212059	NOBN_20231230_すぐに役立つ_入門図解_最新_不動産競売・任意売却の法律と手続き_01	1	すぐに役立つ入門図解最新不動産競売・任意売却の法律と手続き
alo:book:isbn:9784384049305	9784384049305	033212060	NOBN_20231230_事業者必携_最新_入管法・出入国管理申請と外国人雇用の法律知識_01	1	事業者必携最新入管法・出入国管理申請と外国人雇用の法律知識
alo:book:isbn:9784384049312	9784384049312	033258224	NOBN_20240130_すぐに役立つ_入門図解_最新_株式会社・合同会社・一般社団法人設立の手続きと書式_01	1	すぐに役立つ入門図解最新株式会社・合同会社・一般社団法人設立の手続きと書式
alo:book:isbn:9784384049435	9784384049435	033585995	NOBN_20240720_事業者必携_入門図解_最新_知っておきたい金融商品取引法の法律知識_01	1	事業者必携入門図解最新知っておきたい金融商品取引法の法律知識
alo:book:isbn:9784384049442	9784384049442	033585996	NOBN_20240720_すぐに役立つ_入門図解_特許・商標の法律と出願・申請手続き_01	1	すぐに役立つ入門図解特許・商標の法律と出願・申請手続き
alo:book:isbn:9784384049473	9784384049473	033694757	NOBN_20240920_事業者必携_入門図解_法人税・消費税のしくみと申告書の書き方_01	1	事業者必携入門図解法人税・消費税のしくみと申告書の書き方
alo:book:isbn:9784384049541	9784384049541	033847283	NOBN_20241220_すぐに役立つ_入門図解_知っておきたい_障害年金・遺族年金受給のためのしくみと手続き_01	1	すぐに役立つ入門図解知っておきたい障害年金・遺族年金受給のためのしくみと手続き
alo:book:isbn:9784384049596	9784384049596	033990871	NOBN_20250320_すぐに役立つ_最新_退職・失業等給付・生活保護の法律と手続き_01	1	すぐに役立つ最新退職・失業等給付・生活保護の法律と手続き
alo:book:isbn:9784384049602	9784384049602	033990872	NOBN_20250320_すぐに役立つ_最新_図解とQAでわかる_個人開業・青色申告のしくみと手続きマニュアル_01	1	すぐに役立つ最新図解とQ&Aでわかる個人開業・青色申告のしくみと手続きマニュアル
alo:book:isbn:9784384049626	9784384049626	034044928	NOBN_20250420_すぐに役立つ_入門図解_最新_パート、副業、高齢者雇用、派遣、請負契約の法律知識_01	1	すぐに役立つ入門図解最新パート、副業、高齢者雇用、派遣、請負契約の法律知識
alo:book:isbn:9784385320229	9784385320229	028917243	NOBN_20180503_ピンポイント憲法_01	1	ピンポイント憲法
alo:book:isbn:9784385320236	9784385320236	028917245	NOBN_20180503_ピンポイント民法_01	1	ピンポイント民法
alo:book:isbn:9784385320243	9784385320243	028917247	NOBN_20180503_ピンポイント刑法_01	1	ピンポイント刑法
alo:book:isbn:9784385320250	9784385320250	029019420	NOBN_20180629_ピンポイント会社法_01	1	ピンポイント会社法
alo:book:isbn:9784385320267	9784385320267	029019397	NOBN_20180629_ピンポイント民事訴訟法_01	1	ピンポイント民事訴訟法
alo:book:isbn:9784385320274	9784385320274	029019415	NOBN_20180629_ピンポイント刑事訴訟法_01	1	ピンポイント刑事訴訟法
alo:book:isbn:9784385320281	9784385320281	029316330	NOBN_20181207_ピンポイント行政法_01	1	ピンポイント行政法
alo:book:isbn:9784385322759	9784385322759	029648900	NOBN_20190531_判例フォーカス_行政法_01	1	判例フォーカス行政法
alo:book:isbn:9784417014584	9784417014584	000009454356	NOBN_20160405_民事保全_01	1	民事保全
alo:book:isbn:9784417015185	9784417015185	000010954447	NOBN_20160530_独占禁止法の法律相談_01	1	独占禁止法の法律相談
alo:book:isbn:9784417015444	9784417015444	000011241651	NOBN_20110815_金融取引関係訴訟_01	1	金融取引関係訴訟
alo:book:isbn:9784417016007	9784417016007	024683740	NOBN_20240415_フランチャイズ契約の法律相談_01	1	フランチャイズ契約の法律相談
alo:book:isbn:9784417016052	9784417016052	024828666	NOBN_20241101_病院・診療所経営の法律相談_01	1	病院・診療所経営の法律相談
alo:book:isbn:9784417016274	9784417016274	025527266	NOBN_20140715_民事再生_01	1	民事再生
alo:book:isbn:9784417016472	9784417016472	026241795	NOBN_20171120_建築訴訟_01	1	建築訴訟
alo:book:isbn:9784417016557	9784417016557	026384999	NOBN_20150606_遺産分割のための相続分算定方法_01	1	遺産分割のための相続分算定方法
alo:book:isbn:9784417016632	9784417016632	026680509	NOBN_20150827_倒産法を知ろう_01	1	倒産法を知ろう
alo:book:isbn:9784417016847	9784417016847	027293268	NOBN_20160530_独占禁止法の法律相談_01	1	独占禁止法の法律相談
alo:book:isbn:9784417017028	9784417017028	027664453	NOBN_20161107_事例解説_成年後見の実務_01	1	事例解説成年後見の実務
alo:book:isbn:9784417017134	9784417017134	028361856	NOBN_20170809_労災保険・民事損害賠償_01	1	労災保険・民事損害賠償
alo:book:isbn:9784417017158	9784417017158	028300822	NOBN_20170712_個人情報保護法の法律相談_01	1	個人情報保護法の法律相談
alo:book:isbn:9784417017318	9784417017318	028747758	NOBN_20180125_貸金業と過払金の半世紀_01	1	貸金業と過払金の半世紀
alo:book:isbn:9784417017448	9784417017448	029189366	NOBN_20180920_時効の法律相談_01	1	時効の法律相談
alo:book:isbn:9784417017554	9784417017554	029285769	NOBN_20181109_簡裁交通損害賠償訴訟実務マニュアル_01	1	簡裁交通損害賠償訴訟実務マニュアル
alo:book:isbn:9784417017585	9784417017585	029584881	NOBN_20190405_介護事故の法律相談_01	1	介護事故の法律相談
alo:book:isbn:9784417017738	9784417017738	029970256	NOBN_20191016_著作権トラブル解決実務ハンドブック_01	1	著作権トラブル解決実務ハンドブック
alo:book:isbn:9784417017769	9784417017769	029943320	NOBN_20191005_子の親権・監護・面会交流の法律相談_01	1	子の親権・監護・面会交流の法律相談
alo:book:isbn:9784417017820	9784417017820	030138392	NOBN_20200120_医療事故の法律相談_01	1	医療事故の法律相談
alo:book:isbn:9784417017868	9784417017868	030309896	NOBN_20200331_保証の法律相談_01	1	保証の法律相談
alo:book:isbn:9784417017950	9784417017950	030543574	NOBN_20200815_情報コンテンツ利用の法務QA_01	1	情報コンテンツ利用の法務Q&A
alo:book:isbn:9784417017974	9784417017974	030577876	NOBN_20200801_不動産相続の法律相談_01	1	不動産相続の法律相談
alo:book:isbn:9784417018018	9784417018018	030637757	NOBN_20200930_婚姻費用・養育費・財産分与の法律相談_01	1	婚姻費用・養育費・財産分与の法律相談
alo:book:isbn:9784417018025	9784417018025	030701380	NOBN_20201106_電子商取引・電子決済の法律相談_01	1	電子商取引・電子決済の法律相談
alo:book:isbn:9784417018094	9784417018094	031328723	NOBN_20210331_民事執行の法律相談_01	1	民事執行の法律相談
alo:book:isbn:9784417018155	9784417018155	031419312	NOBN_20210520_使用者のための解雇・雇止め・懲戒相談事例集_01	1	使用者のための解雇・雇止め・懲戒相談事例集
alo:book:isbn:9784417018186	9784417018186	031524018	NOBN_20210715_同一労働同一賃金の実務と書式_01	1	同一労働同一賃金の実務と書式
alo:book:isbn:9784417018209	9784417018209	031794034	NOBN_20211130_倒産法_01	1	倒産法
alo:book:isbn:9784417018216	9784417018216	031622880	NOBN_20210910_デジタルプラットフォームの法律問題と実務_01	1	デジタルプラットフォームの法律問題と実務
alo:book:isbn:9784417018254	9784417018254	031829162	NOBN_20211213_墓地・納骨堂、葬送の法律相談_01	1	墓地・納骨堂、葬送の法律相談
alo:book:isbn:9784417018285	9784417018285	031927458	NOBN_20220207_下請法の法律相談_01	1	下請法の法律相談
alo:book:isbn:9784417018292	9784417018292	031943309	NOBN_20220220_QA_改正独占禁止法実務入門_01	1	Q&A改正独占禁止法実務入門
alo:book:isbn:9784417018308	9784417018308	031984084	NOBN_20220228_終活と相続・財産管理の法律相談_01	1	終活と相続・財産管理の法律相談
alo:book:isbn:9784417018339	9784417018339	032077849	NOBN_20220427_相続・遺言・遺産分割_01	1	相続・遺言・遺産分割
alo:book:isbn:9784417018377	9784417018377	032167985	NOBN_20220607_退職勧奨・希望退職募集・PIPの話法と書式_01	1	退職勧奨・希望退職募集・PIPの話法と書式
alo:book:isbn:9784417018407	9784417018407	032292026	NOBN_20220810_遺言執行と条項例の法律実務_01	1	遺言執行と条項例の法律実務
alo:book:isbn:9784417018414	9784417018414	032350637	NOBN_20220915_ヘルスケアビジネスの法律相談_01	1	ヘルスケアビジネスの法律相談
alo:book:isbn:9784417018438	9784417018438	032366719	NOBN_20220930_未払い残業代請求の法律相談_01	1	未払い残業代請求の法律相談
alo:book:isbn:9784417018490	9784417018490	032582764	NOBN_20230116_ハラスメント対応の法律相談_01	1	ハラスメント対応の法律相談
alo:book:isbn:9784417018513	9784417018513	032622741	NOBN_20230215_近隣紛争の法律相談_01	1	近隣紛争の法律相談
alo:book:isbn:9784417018544	9784417018544	032771830	NOBN_20230430_スタートアップの法律相談_01	1	スタートアップの法律相談
alo:book:isbn:9784417018575	9784417018575	032903647	NOBN_20230720_民事訴訟_01	1	民事訴訟
alo:book:isbn:9784417018582	9784417018582	032903650	NOBN_20230720_判例からひも解く実務民事訴訟法_01	1	判例からひも解く実務民事訴訟法
alo:book:isbn:9784417018612	9784417018612	032903653	NOBN_20230715_実例_少年法_01	1	実例少年法
alo:book:isbn:9784417018629	9784417018629	032951660	NOBN_20230810_宗教法人の法律相談_01	1	宗教法人の法律相談
alo:book:isbn:9784417018674	9784417018674	033184814	NOBN_20231210_企業における裁判に負けないための契約条項の実務_01	1	企業における裁判に負けないための契約条項の実務
alo:book:isbn:9784417018681	9784417018681	033223333	NOBN_20231230_プロバイダ責任制限法と誹謗中傷の法律相談_01	1	プロバイダ責任制限法と誹謗中傷の法律相談
alo:book:isbn:9784417018810	9784417018810	033711916	NOBN_20241001_夫婦関係モデル文例と実務解説_01	1	夫婦関係モデル文例と実務解説
alo:book:isbn:9784492533680	9784492533680	026680314	NOBN_20150828_事業担当者のための逆引きビジネス法務ハンドブック_01	1	事業担当者のための逆引きビジネス法務ハンドブック
alo:book:isbn:9784492533987	9784492533987	028891866	NOBN_20150828_事業担当者のための逆引きビジネス法務ハンドブック_01	1	事業担当者のための逆引きビジネス法務ハンドブック
alo:book:isbn:9784492534397	9784492534397	031508854	NOBN_20150828_事業担当者のための逆引きビジネス法務ハンドブック_01	1	事業担当者のための逆引きビジネス法務ハンドブック
alo:book:isbn:9784492654941	9784492654941	032489641	NOBN_20221128_ベンチャーキャピタルの実務_01	1	ベンチャーキャピタルの実務
alo:book:isbn:9784492762653	9784492762653	033187410	NOBN_20231207_デジタル時代の_情報発信のリスクと対策_01	1	デジタル時代の情報発信のリスクと対策
alo:book:isbn:9784502147814	9784502147814	026550691	NOBN_20150707_再生コンサルティングの質を高める事業デューデリジェンスの実務入門_01	1	再生コンサルティングの質を高める事業デューデリジェンスの実務入門
alo:book:isbn:9784502157110	9784502157110	026721958	NOBN_20150915_独占禁止法の手続と実務_01	1	独占禁止法の手続と実務
alo:book:isbn:9784502163616	9784502163616	029582869	NOBN_20190328_改正労働基準法の基本と実務_01	1	改正労働基準法の基本と実務
alo:book:isbn:9784502195914	9784502195914	027539161	NOBN_20160823_労働条件変更の基本と実務_01	1	労働条件変更の基本と実務
alo:book:isbn:9784502210518	9784502210518	027796885	NOBN_20161227_企業内法務の交渉術_01	1	企業内法務の交渉術
alo:book:isbn:9784502226014	9784502226014	028150184	NOBN_20170516_詳解インドネシアの法務・会計・税務_01	1	詳解インドネシアの法務・会計・税務
alo:book:isbn:9784502233210	9784502233210	028459197	NOBN_20170901_ステージ別ベンチャー企業の労務戦略_01	1	ステージ別ベンチャー企業の労務戦略
alo:book:isbn:9784502236013	9784502236013	028514715	NOBN_20170928_英文契約書の理論と実務_01	1	英文契約書の理論と実務
alo:book:isbn:9784502238512	9784502238512	028568324	NOBN_20171020_コーポレートベンチャーキャピタルの実務_01	1	コーポレートベンチャーキャピタルの実務
alo:book:isbn:9784502238710	9784502238710	028504097	NOBN_20170922_ライセンス契約の基本と書式_01	1	ライセンス契約の基本と書式
alo:book:isbn:9784502241215	9784502241215	028465102	NOBN_20170905_ケース別非上場会社の株価決定の実務_01	1	ケース別非上場会社の株価決定の実務
alo:book:isbn:9784502245510	9784502245510	028946060	NOBN_20180427_新・センスのよい法律文章の書き方_01	1	新・センスのよい法律文章の書き方
alo:book:isbn:9784502247712	9784502247712	028829388	NOBN_20180227_独占禁止法と損害賠償・差止請求_01	1	独占禁止法と損害賠償・差止請求
alo:book:isbn:9784502253515	9784502253515	028872108	NOBN_20180319_ブロックチェーンをめぐる実務・政策と法_01	1	ブロックチェーンをめぐる実務・政策と法
alo:book:isbn:9784502257414	9784502257414	029048213	NOBN_20180629_ダウンロードできる英文契約書の作成実務_01	1	ダウンロードできる英文契約書の作成実務
alo:book:isbn:9784502268816	9784502268816	029976528	NOBN_20191007_懲戒処分の基本と実務_01	1	懲戒処分の基本と実務
alo:book:isbn:9784502270512	9784502270512	029202906	NOBN_20180919_過重労働防止の基本と実務_01	1	過重労働防止の基本と実務
alo:book:isbn:9784502271014	9784502271014	029048215	NOBN_20180629_販売店契約の実務_01	1	販売店契約の実務
alo:book:isbn:9784502274411	9784502274411	029183933	NOBN_20180907_データ取引契約の基本と書式_01	1	データ取引契約の基本と書式
alo:book:isbn:9784502278310	9784502278310	029336336	NOBN_20181126_日本とドイツにおける株式会社法の発展_01	1	日本とドイツにおける株式会社法の発展
alo:book:isbn:9784502296819	9784502296819	029717968	NOBN_20190618_国際取引における準拠法・裁判管轄・仲裁の基礎知識_01	1	国際取引における準拠法・裁判管轄・仲裁の基礎知識
alo:book:isbn:9784502299612	9784502299612	029611998	NOBN_20190411_企業評価論入門_01	1	企業評価論入門
alo:book:isbn:9784502304118	9784502304118	029678573	NOBN_20190528_会社を伸ばす株主還元_01	1	会社を伸ばす株主還元
alo:book:isbn:9784502306716	9784502306716	029661895	NOBN_20190517_外国人雇用の労務管理と社会保険_01	1	外国人雇用の労務管理と社会保険
alo:book:isbn:9784502308413	9784502308413	029715532	NOBN_20190614_企業グループの経営と取締役の法的責任_01	1	企業グループの経営と取締役の法的責任
alo:book:isbn:9784502312212	9784502312212	029768299	NOBN_20190709_社内規程立案の手引き_01	1	社内規程立案の手引き
alo:book:isbn:9784502313813	9784502313813	029951858	NOBN_20190924_不動産賃貸借契約の実務入門_01	1	不動産賃貸借契約の実務入門
alo:book:isbn:9784502314612	9784502314612	029908623	NOBN_20190902_海外子会社リーガルリスク管理の実務_01	1	海外子会社リーガルリスク管理の実務
alo:book:isbn:9784502320712	9784502320712	029976531	NOBN_20191007_図解_不祥事の予防・発見・対応がわかる本_01	1	図解不祥事の予防・発見・対応がわかる本
alo:book:isbn:9784502321511	9784502321511	029951861	NOBN_20190924_事例でわかる不正・不祥事防止のための内部監査_01	1	事例でわかる不正・不祥事防止のための内部監査
alo:book:isbn:9784502328213	9784502328213	030143559	NOBN_20191227_デジタル課税と租税回避の実務詳解_01	1	デジタル課税と租税回避の実務詳解
alo:book:isbn:9784502335419	9784502335419	030276609	NOBN_20200306_インターネット・SNSトラブルの法務対応_01	1	インターネット・SNSトラブルの法務対応
alo:book:isbn:9784502345111	9784502345111	030458671	NOBN_20200624_海外取引の「困った」に答える_企業法務の初動対応QA_01	1	海外取引の「困った」に答える企業法務の初動対応Q&A
alo:book:isbn:9784502345913	9784502345913	030454493	NOBN_20200622_ライセンス契約書作成のポイント_01	1	ライセンス契約書作成のポイント
alo:book:isbn:9784502347719	9784502347719	030431505	NOBN_20200610_基礎からわかる広告・マーケティングの法律_01	1	基礎からわかる広告・マーケティングの法律
alo:book:isbn:9784502349119	9784502349119	030426696	NOBN_20200608_ハラスメント防止の基本と実務_01	1	ハラスメント防止の基本と実務
alo:book:isbn:9784502351518	9784502351518	030664404	NOBN_20201012_QA私学のための働き方改革_01	1	Q&A私学のための働き方改革
alo:book:isbn:9784502353314	9784502353314	030412253	NOBN_20200529_新型コロナウイルス影響下の法務対応_01	1	新型コロナウイルス影響下の法務対応
alo:book:isbn:9784502354014	9784502354014	030546293	NOBN_20200807_ヨーロッパ会社法概説_01	1	ヨーロッパ会社法概説
alo:book:isbn:9784502354311	9784502354311	030639986	NOBN_20200929_個人情報_越境移転の法務_01	1	個人情報越境移転の法務
alo:book:isbn:9784502357817	9784502357817	032084489	NOBN_20220419_申請事例からみる交通事故後遺障害の等級認定_01	1	申請事例からみる交通事故後遺障害の等級認定
alo:book:isbn:9784502359811	9784502359811	030587049	NOBN_20200828_QA「職場のハラスメント」アウト・セーフと防止策_01	1	Q&A「職場のハラスメント」アウト・セーフと防止策
alo:book:isbn:9784502363719	9784502363719	031184713	NOBN_20201224_インドネシアビジネス法実務体系_01	1	インドネシアビジネス法実務体系
alo:book:isbn:9784502364013	9784502364013	030669334	NOBN_20201014_金融機関のための気候変動リスク管理_01	1	金融機関のための気候変動リスク管理
alo:book:isbn:9784502366314	9784502366314	030671777	NOBN_20201014_企業法務入門_01	1	企業法務入門
alo:book:isbn:9784502367816	9784502367816	031184635	NOBN_20201224_最新_社団法人・財団法人のガバナンスと実務_01	1	最新社団法人・財団法人のガバナンスと実務
alo:book:isbn:9784502377310	9784502377310	031401623	NOBN_20210423_QA_AIの法務と倫理_01	1	Q&A AIの法務と倫理
alo:book:isbn:9784502378010	9784502378010	031399219	NOBN_20210423_スタートアップ企業の経営管理を学ぶ_01	1	スタートアップ企業の経営管理を学ぶ
alo:book:isbn:9784502383410	9784502383410	032022840	NOBN_20220318_国際ビジネス法概論_01	1	国際ビジネス法概論
alo:book:isbn:9784502386213	9784502386213	031555081	NOBN_20210720_秘密保持契約・予備的合意書・覚書の法務と書式_01	1	秘密保持契約・予備的合意書・覚書の法務と書式
alo:book:isbn:9784502388019	9784502388019	031630263	NOBN_20210902_株主間契約・合弁契約の実務_01	1	株主間契約・合弁契約の実務
alo:book:isbn:9784502392511	9784502392511	032183516	NOBN_20220614_不動産ファイナンスの法務と契約実務_01	1	不動産ファイナンスの法務と契約実務
alo:book:isbn:9784502392610	9784502392610	031817974	NOBN_20211130_基礎からわかる薬機法体系_01	1	基礎からわかる薬機法体系
alo:book:isbn:9784502400117	9784502400117	031630262	NOBN_20210902_2021年改訂コーポレートガバナンス・コードの実務対応_01	1	2021年改訂コーポレートガバナンス・コードの実務対応
alo:book:isbn:9784502409110	9784502409110	031918438	NOBN_20220125_医療機器ビジネスの法律実務_01	1	医療機器ビジネスの法律実務
alo:book:isbn:9784502409219	9784502409219	031909097	NOBN_20220120_頻出25パターンで英文契約書の修正スキルが身につく_01	1	頻出25パターンで英文契約書の修正スキルが身につく
alo:book:isbn:9784502409615	9784502409615	032028988	NOBN_20220322_スタートアップ法務_01	1	スタートアップ法務
alo:book:isbn:9784502418419	9784502418419	032077688	NOBN_20220414_基本テキスト企業法総論・商法総則_01	1	基本テキスト企業法総論・商法総則
alo:book:isbn:9784502419614	9784502419614	032093978	NOBN_20220422_プライバシーポリシー作成のポイント_01	1	プライバシーポリシー作成のポイント
alo:book:isbn:9784502427916	9784502427916	032175776	NOBN_20220609_デジタルヘルス事業参入の法務_01	1	デジタルヘルス事業参入の法務
alo:book:isbn:9784502432316	9784502432316	032388347	NOBN_20220929_金融商品取引業コンプライアンスハンドブック_01	1	金融商品取引業コンプライアンスハンドブック
alo:book:isbn:9784502433818	9784502433818	032254483	NOBN_20220719_QA電子契約入門_01	1	Q&A電子契約入門
alo:book:isbn:9784502434013	9784502434013	032268925	NOBN_20220726_契約解消の法律実務_01	1	契約解消の法律実務
alo:book:isbn:9784502435713	9784502435713	032339234	NOBN_20220901_XR・メタバースの知財法務_01	1	XR・メタバースの知財法務
alo:book:isbn:9784502437816	9784502437816	032357845	NOBN_20220913_ケーススタディでわかるオンラインサービスのスタート法務_01	1	ケーススタディでわかるオンラインサービスのスタート法務
alo:book:isbn:9784502441615	9784502441615	032578294	NOBN_20230116_類型別_不正・不祥事への初動対応_01	1	類型別不正・不祥事への初動対応
alo:book:isbn:9784502447310	9784502447310	032539101	NOBN_20221220_不正調査の「法律」「会計」「デジタル・フォレンジック」の実務_01	1	不正調査の「法律」「会計」「デジタル・フォレンジック」の実務
alo:book:isbn:9784502447419	9784502447419	032556346	NOBN_20221228_裁判例からわかる介護事業の実務_01	1	裁判例からわかる介護事業の実務
alo:book:isbn:9784502447518	9784502447518	032539089	NOBN_20221220_中国個人情報保護法制の実務_01	1	中国個人情報保護法制の実務
alo:book:isbn:9784502448218	9784502448218	032531137	NOBN_20221215_プライバシーガバナンスの教科書_01	1	プライバシーガバナンスの教科書
alo:book:isbn:9784502449413	9784502449413	032805481	NOBN_20230518_詳解_合同会社の法務と税務_01	1	詳解合同会社の法務と税務
alo:book:isbn:9784502450211	9784502450211	032685701	NOBN_20230314_企業法務のための経済安全保障入門_01	1	企業法務のための経済安全保障入門
alo:book:isbn:9784502454417	9784502454417	032769050	NOBN_20230425_企業法務のためのネット・SNSトラブルのルール作り・再発防止_01	1	企業法務のためのネット・SNSトラブルのルール作り・再発防止
alo:book:isbn:9784502457418	9784502457418	032741249	NOBN_20230411_基礎からわかる「ビジネスと人権」の法務_01	1	基礎からわかる「ビジネスと人権」の法務
alo:book:isbn:9784502461316	9784502461316	032876034	NOBN_20230622_自動車部品メーカー取引の法律実務_01	1	自動車部品メーカー取引の法律実務
alo:book:isbn:9784502462214	9784502462214	032908671	NOBN_20230711_スマートコントラクトの仕組みと法律_01	1	スマートコントラクトの仕組みと法律
alo:book:isbn:9784502463419	9784502463419	032880974	NOBN_20230627_海外投資家ニーズを押さえた英文開示のあり方・作り方_01	1	海外投資家ニーズを押さえた英文開示のあり方・作り方
alo:book:isbn:9784502465116	9784502465116	032946364	NOBN_20230728_テーマ別_ヘルスケア事業の法律実務_01	1	テーマ別ヘルスケア事業の法律実務
alo:book:isbn:9784502468414	9784502468414	033472338	NOBN_20240521_データ利活用のビジネスと法務_01	1	データ利活用のビジネスと法務
alo:book:isbn:9784502474118	9784502474118	033103200	NOBN_20231019_スポーツスポンサーシップの基礎知識と契約実務_01	1	スポーツスポンサーシップの基礎知識と契約実務
alo:book:isbn:9784502476419	9784502476419	033644324	NOBN_20240823_「MA特別委員会」設置・運営の実務_01	1	「M&A特別委員会」設置・運営の実務
alo:book:isbn:9784502482014	9784502482014	033177406	NOBN_20231130_実務解説_サイバーセキュリティ法_01	1	実務解説サイバーセキュリティ法
alo:book:isbn:9784502484315	9784502484315	033750385	NOBN_20241024_グローバルデータ保護法対応QA100_01	1	グローバルデータ保護法対応Q&A100
alo:book:isbn:9784502492419	9784502492419	033403011	NOBN_20240409_アクティビスト対応の実務_01	1	アクティビスト対応の実務
alo:book:isbn:9784502501210	9784502501210	033492259	NOBN_20240528_Cookieポリシー作成のポイント_01	1	Cookieポリシー作成のポイント
alo:book:isbn:9784502501913	9784502501913	033678834	NOBN_20240912_ディープテック・スタートアップの知財・契約戦略_01	1	ディープテック・スタートアップの知財・契約戦略
alo:book:isbn:9784502502217	9784502502217	033480237	NOBN_20240523_MAコンサルタントに必要な法務スキル_01	1	M&Aコンサルタントに必要な法務スキル
alo:book:isbn:9784502504716	9784502504716	033548664	NOBN_20240627_保険リスクマネージャーの視点と実務_01	1	保険リスクマネージャーの視点と実務
alo:book:isbn:9784502507717	9784502507717	033578733	NOBN_20240717_相談者を裏切らない機能する社内相談窓口のつくり方_01	1	相談者を裏切らない機能する社内相談窓口のつくり方
alo:book:isbn:9784502509513	9784502509513	033730541	NOBN_20241016_詳解_裁量労働制_01	1	詳解裁量労働制
alo:book:isbn:9784502514616	9784502514616	033771339	NOBN_20241108_幼保事業者の重大事故・不適切保育対応_01	1	幼保事業者の重大事故・不適切保育対応
alo:book:isbn:9784502516016	9784502516016	033726410	NOBN_20190902_海外子会社リーガルリスク管理の実務_01	1	海外子会社リーガルリスク管理の実務
alo:book:isbn:9784502518911	9784502518911	034032474	NOBN_20250417_株式上場準備の経営管理を学ぶ_01	1	株式上場準備の経営管理を学ぶ
alo:book:isbn:9784502522116	9784502522116	033823235	NOBN_20241210_実務逐条解説_フリーランス・事業者間取引適正化等法_01	1	実務逐条解説フリーランス・事業者間取引適正化等法
alo:book:isbn:9784502523113	9784502523113	033865681	NOBN_20250115_実務フロー順でわかるフリーランス法への対応_01	1	実務フロー順でわかるフリーランス法への対応
alo:book:isbn:9784502525018	9784502525018	033823234	NOBN_20241210_業務プロセスとつながる_IT統制とIT監査_現場の教科書_01	1	業務プロセスとつながるIT統制とIT監査現場の教科書
alo:book:isbn:9784502525216	9784502525216	033957816	NOBN_20250304_中国紛争解決法制の実務_01	1	中国紛争解決法制の実務
alo:book:isbn:9784502530210	9784502530210	033900095	NOBN_20250130_金融機関のための経済安全保障推進法のリスク管理措置への対応_01	1	金融機関のための経済安全保障推進法のリスク管理措置への対応
alo:book:isbn:9784502534119	9784502534119	034083371	NOBN_20250522_テーマ別_労働紛争予防・解決の実務ポイント_01	1	テーマ別労働紛争予防・解決の実務ポイント
alo:book:isbn:9784502541711	9784502541711	034098310	NOBN_20250529_電子商取引・デジタル課税の展開史_01	1	電子商取引・デジタル課税の展開史
alo:book:isbn:9784502951909	9784502951909	000008469695	NOBN_20100917_知的財産法入門_01	1	知的財産法入門
alo:book:isbn:9784532111083	9784532111083	000008214267	NOBN_20201201_倒産法入門_01	1	倒産法入門
alo:book:isbn:9784534058447	9784534058447	031333844	NOBN_20210324_教養としての「労働法」入門_01	1	教養としての「労働法」入門
alo:book:isbn:9784535511088	9784535511088	000002662708	NOBN_20220331_初歩からはじめる物権法_01	1	初歩からはじめる物権法
alo:book:isbn:9784535516595	9784535516595	000010001565	NOBN_20170929_契約法_01	1	契約法
alo:book:isbn:9784535518629	9784535518629	023558190	NOBN_20120425_判例特別刑法_01	1	判例特別刑法
alo:book:isbn:9784535520073	9784535520073	028317579	NOBN_20170715_平和の憲法政策論_01	1	平和の憲法政策論
alo:book:isbn:9784535520356	9784535520356	025479212	NOBN_20140615_刑事裁判ものがたり_01	1	刑事裁判ものがたり
alo:book:isbn:9784535520868	9784535520868	025823027	NOBN_20141015_新法令用語の常識_01	1	新法令用語の常識
alo:book:isbn:9784535521117	9784535521117	026234600	NOBN_20150315_少年法講義_01	1	少年法講義
alo:book:isbn:9784535521254	9784535521254	027348543	NOBN_20160625_簡裁民事訴訟マニュアル_01	1	簡裁民事訴訟マニュアル
alo:book:isbn:9784535521759	9784535521759	027346163	NOBN_20160620_医事法講義_01	1	医事法講義
alo:book:isbn:9784535521964	9784535521964	029082342	NOBN_20180720_民事紛争解決の基本実務_01	1	民事紛争解決の基本実務
alo:book:isbn:9784535522183	9784535522183	028030057	NOBN_20170325_可視化・盗聴・司法取引を問う_01	1	可視化・盗聴・司法取引を問う
alo:book:isbn:9784535522220	9784535522220	028496224	NOBN_20170920_民事訴訟判例_読み方の基本_01	1	民事訴訟判例読み方の基本
alo:book:isbn:9784535522466	9784535522466	028078541	NOBN_20170415_新法令解釈・作成の常識_01	1	新法令解釈・作成の常識
alo:book:isbn:9784535522701	9784535522701	030463050	NOBN_20200630_コリアの法と社会_01	1	コリアの法と社会
alo:book:isbn:9784535522732	9784535522732	028221608	NOBN_20170625_行政書士のための労働契約の基礎_01	1	行政書士のための労働契約の基礎
alo:book:isbn:9784535522879	9784535522879	028814356	NOBN_20180220_刑事法廷弁護技術_01	1	刑事法廷弁護技術
alo:book:isbn:9784535522909	9784535522909	030607754	NOBN_20200923_検証・自動車運転死傷行為等処罰法_01	1	検証・自動車運転死傷行為等処罰法
alo:book:isbn:9784535522916	9784535522916	030741312	NOBN_20201125_ゼミナール民事訴訟法_01	1	ゼミナール民事訴訟法
alo:book:isbn:9784535523388	9784535523388	028822150	NOBN_20180228_会社法の学び方_01	1	会社法の学び方
alo:book:isbn:9784535523609	9784535523609	029205564	NOBN_20180920_シェブロン法理の考察_01	1	シェブロン法理の考察
alo:book:isbn:9784535523746	9784535523746	029200360	NOBN_20180925_家庭裁判所物語_01	1	家庭裁判所物語
alo:book:isbn:9784535523807	9784535523807	030128154	NOBN_20191220_刑事政策学_01	1	刑事政策学
alo:book:isbn:9784535523869	9784535523869	032568900	NOBN_20230120_基本行政法判例演習_01	1	基本行政法判例演習
alo:book:isbn:9784535523999	9784535523999	029653660	NOBN_20190520_裁判の書_01	1	裁判の書
alo:book:isbn:9784535524002	9784535524002	029631285	NOBN_20190425_基本に学ぶ憲法_01	1	基本に学ぶ憲法
alo:book:isbn:9784535524040	9784535524040	030001149	NOBN_20191025_判例でみる_音楽著作権訴訟の論点80講_01	1	判例でみる音楽著作権訴訟の論点80講
alo:book:isbn:9784535524248	9784535524248	029771189	NOBN_20190720_伝聞法則に強くなる_01	1	伝聞法則に強くなる
alo:book:isbn:9784535524279	9784535524279	029676222	NOBN_20190530_起訴前・公判前整理・裁判員裁判の弁護実務_01	1	起訴前・公判前整理・裁判員裁判の弁護実務
alo:book:isbn:9784535524378	9784535524378	029959765	NOBN_20191005_刑事訴訟法の思考プロセス_01	1	刑事訴訟法の思考プロセス
alo:book:isbn:9784535524460	9784535524460	030128155	NOBN_20191220_行政による制裁的公表の法理論_01	1	行政による制裁的公表の法理論
alo:book:isbn:9784535524675	9784535524675	033694804	NOBN_20240930_民事執行・保全法入門_01	1	民事執行・保全法入門
alo:book:isbn:9784535524699	9784535524699	031447618	NOBN_20210531_自白排除法則の研究_01	1	自白排除法則の研究
alo:book:isbn:9784535524866	9784535524866	032383202	NOBN_20220930_痴漢を弁護する理由_01	1	痴漢を弁護する理由
alo:book:isbn:9784535524927	9784535524927	031548251	NOBN_20210720_自由法曹団百年史1921-2021_01	1	自由法曹団百年史1921-2021
alo:book:isbn:9784535525030	9784535525030	030633987	NOBN_20200930_官僚制改革の行政法理論_01	1	官僚制改革の行政法理論
alo:book:isbn:9784535525108	9784535525108	030718473	NOBN_20201110_一部無効論の多層的構造_01	1	一部無効論の多層的構造
alo:book:isbn:9784535525184	9784535525184	030639945	NOBN_20200930_沖縄憲法史考_01	1	沖縄憲法史考
alo:book:isbn:9784535525191	9784535525191	031297267	NOBN_20210310_明治の担保_01	1	明治の担保
alo:book:isbn:9784535525207	9784535525207	031438314	NOBN_20210520_新ケースでわかる民事訴訟法_01	1	新ケースでわかる民事訴訟法
alo:book:isbn:9784535525337	9784535525337	031278309	NOBN_20210220_原発再稼働と公法_01	1	原発再稼働と公法
alo:book:isbn:9784535525382	9784535525382	031203881	NOBN_20210120_コロナ禍に立ち向かう働き方と法_01	1	コロナ禍に立ち向かう働き方と法
alo:book:isbn:9784535525399	9784535525399	032129009	NOBN_20220525_憲法の土壌を培養する_01	1	憲法の土壌を培養する
alo:book:isbn:9784535525504	9784535525504	031633078	NOBN_20210910_組織内弁護士の実務と研究_01	1	組織内弁護士の実務と研究
alo:book:isbn:9784535525542	9784535525542	031345304	NOBN_20210331_刑法における結果回避可能性_01	1	刑法における結果回避可能性
alo:book:isbn:9784535525573	9784535525573	032219234	NOBN_20120425_判例特別刑法_01	1	判例特別刑法
alo:book:isbn:9784535525580	9784535525580	031534431	NOBN_20210715_法学者・法律家たちの八月十五日_01	1	法学者・法律家たちの八月十五日
alo:book:isbn:9784535525658	9784535525658	031689842	NOBN_20210930_刑事司法改革の現段階_01	1	刑事司法改革の現段階
alo:book:isbn:9784535525764	9784535525764	031645039	NOBN_20210915_平和的生存権の展開_01	1	平和的生存権の展開
alo:book:isbn:9784535525788	9784535525788	031659011	NOBN_20210930_尊厳死および安楽死を求める権利_01	1	尊厳死および安楽死を求める権利
alo:book:isbn:9784535525832	9784535525832	031876194	NOBN_20211223_民事裁判ICT化論の歴史的展開_01	1	民事裁判ICT化論の歴史的展開
alo:book:isbn:9784535525924	9784535525924	033709376	NOBN_20240930_睡眠科学・医学・労働法学から考え直す日本の労働時間規制_01	1	睡眠科学・医学・労働法学から考え直す日本の労働時間規制
alo:book:isbn:9784535525948	9784535525948	032721114	NOBN_20230331_憲法パトリオティズムと現代の教育_01	1	憲法パトリオティズムと現代の教育
alo:book:isbn:9784535525955	9784535525955	032891143	NOBN_20230710_統治機構論の基層_01	1	統治機構論の基層
alo:book:isbn:9784535525962	9784535525962	031659170	NOBN_20210930_最新_重要判例解説_民事訴訟法_01	1	最新重要判例解説民事訴訟法
alo:book:isbn:9784535526013	9784535526013	031853937	NOBN_20211225_比較政治学方法論批判_01	1	比較政治学方法論批判
alo:book:isbn:9784535526037	9784535526037	031670806	NOBN_20210930_刑務所の生活水準と行刑理論_01	1	刑務所の生活水準と行刑理論
alo:book:isbn:9784535526150	9784535526150	032010323	NOBN_20220315_刑事準備手続論_01	1	刑事準備手続論
alo:book:isbn:9784535526181	9784535526181	032042953	NOBN_20220331_刑事捜査法の研究_01	1	刑事捜査法の研究
alo:book:isbn:9784535526228	9784535526228	031984284	NOBN_20220228_少年法の理論と実務_01	1	少年法の理論と実務
alo:book:isbn:9784535526419	9784535526419	032959906	NOBN_20230815_自衛隊違憲論の原点_01	1	自衛隊違憲論の原点
alo:book:isbn:9784535526426	9784535526426	032043140	NOBN_20220330_犯罪学におけるコントロールモデルの展開と犯罪原因論の課題_01	1	犯罪学におけるコントロールモデルの展開と犯罪原因論の課題
alo:book:isbn:9784535526464	9784535526464	032961955	NOBN_20230830_国際契約の英文法_01	1	国際契約の英文法
alo:book:isbn:9784535526631	9784535526631	032891337	NOBN_20230705_プライバシーと氏名・肖像の法的保護_01	1	プライバシーと氏名・肖像の法的保護
alo:book:isbn:9784535526709	9784535526709	032695489	NOBN_20230325_現代教育法_01	1	現代教育法
alo:book:isbn:9784535526723	9784535526723	032642758	NOBN_20230225_アメリカ憲法のコモン・ロー的基層_01	1	アメリカ憲法のコモン・ロー的基層
alo:book:isbn:9784535526747	9784535526747	032545008	NOBN_20221230_中国における国際取引紛争解決法_01	1	中国における国際取引紛争解決法
alo:book:isbn:9784535526761	9784535526761	032509631	NOBN_20221210_表現の自由の現代的展開_01	1	表現の自由の現代的展開
alo:book:isbn:9784535526921	9784535526921	032695605	NOBN_20230330_パラリーガルの実務感覚から学ぶ民事訴訟・執行・保全_01	1	パラリーガルの実務感覚から学ぶ民事訴訟・執行・保全
alo:book:isbn:9784535527041	9784535527041	032701147	NOBN_20230325_行政裁量と行政的正義_01	1	行政裁量と行政的正義
alo:book:isbn:9784535527058	9784535527058	033425187	NOBN_20240425_地方自治をめぐる規範的秩序の生成と発展_01	1	地方自治をめぐる規範的秩序の生成と発展
alo:book:isbn:9784535527140	9784535527140	033572286	NOBN_20240715_日本国憲法と政党_01	1	日本国憲法と政党
alo:book:isbn:9784535527195	9784535527195	033054033	NOBN_20230930_個人化する社会と閉塞する法_01	1	個人化する社会と閉塞する法
alo:book:isbn:9784535527263	9784535527263	032668417	NOBN_20230224_インターネット時代のヘイトスピーチ問題の法的・社会学的捕捉_01	1	インターネット時代のヘイトスピーチ問題の法的・社会学的捕捉
alo:book:isbn:9784535527379	9784535527379	033704750	NOBN_20241001_民主主義法学の憲法理論_01	1	民主主義法学の憲法理論
alo:book:isbn:9784535527492	9784535527492	033059488	NOBN_20230930_複合契約の法理_01	1	複合契約の法理
alo:book:isbn:9784535527539	9784535527539	033229249	NOBN_20231230_憲法訴訟の実務と学説_01	1	憲法訴訟の実務と学説
alo:book:isbn:9784535527638	9784535527638	033376850	NOBN_20240401_新・地方自治法基本解説_01	1	新・地方自治法基本解説
alo:book:isbn:9784535527713	9784535527713	033182117	NOBN_20231207_「核兵器廃絶」と憲法9条_01	1	「核兵器廃絶」と憲法9条
alo:book:isbn:9784535527737	9784535527737	033609533	NOBN_20240801_表現の自由の苦難_01	1	表現の自由の苦難
alo:book:isbn:9784535527898	9784535527898	033354931	NOBN_20240229_デジタル時代における消費者法の現代化_01	1	デジタル時代における消費者法の現代化
alo:book:isbn:9784535527966	9784535527966	033548739	NOBN_20180220_刑事法廷弁護技術_01	1	刑事法廷弁護技術
alo:book:isbn:9784535528000	9784535528000	033604832	NOBN_20240805_イギリス保守党政権下の公法訴訟制度改革_01	1	イギリス保守党政権下の公法訴訟制度改革
alo:book:isbn:9784535528024	9784535528024	034060900	NOBN_20250510_被害者側弁護士のための交通賠償法実務_01	1	被害者側弁護士のための交通賠償法実務
alo:book:isbn:9784535528031	9784535528031	033709379	NOBN_20240930_契約法を考える_01	1	契約法を考える
alo:book:isbn:9784535528062	9784535528062	033524597	NOBN_20240630_「契約は他人を害さない」ことの今日的意義_01	1	「契約は他人を害さない」ことの今日的意義
alo:book:isbn:9784535528093	9784535528093	033930141	NOBN_20250228_憲法と行政法の交差点_01	1	憲法と行政法の交差点
alo:book:isbn:9784535528147	9784535528147	033707125	NOBN_20240930_プロフェッションとしての弁護士_01	1	プロフェッションとしての弁護士
alo:book:isbn:9784535528208	9784535528208	033880723	NOBN_20250130_法学教育の四半世紀_01	1	法学教育の四半世紀
alo:book:isbn:9784535528321	9784535528321	034002249	NOBN_20250331_黙秘権の機能的分析_01	1	黙秘権の機能的分析
alo:book:isbn:9784535528345	9784535528345	033949798	NOBN_20250228_弁護人の援助を受ける権利の現代的展開_01	1	弁護人の援助を受ける権利の現代的展開
alo:book:isbn:9784535528444	9784535528444	033967156	NOBN_20250228_ヨーロッパ私法・消費者法の現代的課題と日本法_01	1	ヨーロッパ私法・消費者法の現代的課題と日本法
alo:book:isbn:9784535528505	9784535528505	034002250	NOBN_20250331_判例から考える社会保障法_01	1	判例から考える社会保障法
alo:book:isbn:9784535540026	9784535540026	031342636	NOBN_20210330_人口動態変化と財政・社会保障の制度設計_01	1	人口動態変化と財政・社会保障の制度設計
alo:book:isbn:9784535540149	9784535540149	032285369	NOBN_20220820_概説_教育経済学_01	1	概説教育経済学
alo:book:isbn:9784535540835	9784535540835	034306717	NOBN_20250925_数理とデータで読み解く日本政治_01	1	数理とデータで読み解く日本政治
alo:book:isbn:9784535559806	9784535559806	030801160	NOBN_20201220_環境・エネルギー問題の政策評価_01	1	環境・エネルギー問題の政策評価
alo:book:isbn:9784535587588	9784535587588	031348047	NOBN_20210410_ジャーナリズムの規範理論_01	1	ジャーナリズムの規範理論
alo:book:isbn:9784535587649	9784535587649	031557885	NOBN_20210730_なぜ君は総理大臣になれないのか_01	1	なぜ君は総理大臣になれないのか
alo:book:isbn:9784535587885	9784535587885	033659902	NOBN_20240902_近現代日本の警察と国家・地域_01	1	近現代日本の警察と国家・地域
alo:book:isbn:9784535806634	9784535806634	033284535	NOBN_20170929_契約法_01	1	契約法
alo:book:isbn:9784535806870	9784535806870	029598437	NOBN_20201218_担保物権法_01	1	担保物権法
alo:book:isbn:9784539724873	9784539724873	027346222	NOBN_20160620_クリニック開業を思い立ったら最初に読む本_01	1	クリニック開業を思い立ったら最初に読む本
alo:book:isbn:9784539725061	9784539725061	027651274	NOBN_20161025_フランチャイズ契約の実務と理論_01	1	フランチャイズ契約の実務と理論
alo:book:isbn:9784539725603	9784539725603	028478035	NOBN_20170911_医療法人の設立認可申請ハンドブック_01	1	医療法人の設立認可申請ハンドブック
alo:book:isbn:9784539726235	9784539726235	029267124	NOBN_20181022_就労にまつわる障害年金請求・相談のポイント_01	1	就労にまつわる障害年金請求・相談のポイント
alo:book:isbn:9784539726266	9784539726266	029202876	NOBN_20180920_民泊3タイプ_開設・契約・運営とトラブル対策_01	1	民泊3タイプ開設・契約・運営とトラブル対策
alo:book:isbn:9784539726310	9784539726310	029421233	NOBN_20190117_MA労務デューデリジェンス標準手順書_01	1	M&A労務デューデリジェンス標準手順書
alo:book:isbn:9784539726327	9784539726327	029421235	NOBN_20190117_MA人事デューデリジェンス標準手順書_01	1	M&A人事デューデリジェンス標準手順書
alo:book:isbn:9784539726723	9784539726723	029805078	NOBN_20190730_病医院の引き継ぎ方・終わらせ方が気になったら最初に読む本_01	1	病医院の引き継ぎ方・終わらせ方が気になったら最初に読む本
alo:book:isbn:9784539727089	9784539727089	029927119	NOBN_20190912_クリニックの個別指導・監査対応マニュアル_01	1	クリニックの個別指導・監査対応マニュアル
alo:book:isbn:9784539727096	9784539727096	029985958	NOBN_20191011_同一労働同一賃金を実現する_職務分析・職務評価と賃金の決め方_01	1	同一労働同一賃金を実現する職務分析・職務評価と賃金の決め方
alo:book:isbn:9784539727348	9784539727348	030543594	NOBN_20200806_受益権複層化信託の法務と税務_01	1	受益権複層化信託の法務と税務
alo:book:isbn:9784539727454	9784539727454	030398681	NOBN_20200520_現場の負担を減らす_私立学校の労働時間管理_01	1	現場の負担を減らす私立学校の労働時間管理
alo:book:isbn:9784539727522	9784539727522	030412325	NOBN_20200602_弁護士が独立を思い立ったら最初に読む本_01	1	弁護士が独立を思い立ったら最初に読む本
alo:book:isbn:9784539727546	9784539727546	030444454	NOBN_20200619_管理監督者・人事労務担当者・産業医のための_労働災害リスクマネジメントの実務_01	1	管理監督者・人事労務担当者・産業医のための労働災害リスクマネジメントの実務
alo:book:isbn:9784539727584	9784539727584	030444463	NOBN_20200619_人事・総務担当者のための_ハラスメント研修_設計・実践ハンドブック_01	1	人事・総務担当者のためのハラスメント研修設計・実践ハンドブック
alo:book:isbn:9784539727645	9784539727645	030567407	NOBN_20200821_外国人雇用_はじめの一歩_01	1	外国人雇用はじめの一歩
alo:book:isbn:9784539727706	9784539727706	030631744	NOBN_20200918_弁護士のための_イチからわかる相続事件対応実務_01	1	弁護士のためのイチからわかる相続事件対応実務
alo:book:isbn:9784539727850	9784539727850	030791828	NOBN_20201212_がん治療と就労の両立支援_相談対応ハンドブック_01	1	がん治療と就労の両立支援相談対応ハンドブック
alo:book:isbn:9784539727881	9784539727881	030678245	NOBN_20201023_被疑者弁護マニュアル_01	1	被疑者弁護マニュアル
alo:book:isbn:9784539727942	9784539727942	031204042	NOBN_20210118_新しい労働時間・休日・休暇_法律実務ハンドブック_01	1	新しい労働時間・休日・休暇法律実務ハンドブック
alo:book:isbn:9784539727973	9784539727973	031198017	NOBN_20210118_弁護士のためのイチからわかる相続財産管理人・不在者財産管理人の実務_01	1	弁護士のためのイチからわかる相続財産管理人・不在者財産管理人の実務
alo:book:isbn:9784539727980	9784539727980	030805120	NOBN_20201221_会社の廃業をめぐる法務と税務_01	1	会社の廃業をめぐる法務と税務
alo:book:isbn:9784539728055	9784539728055	031185903	NOBN_20210105_歯科医院の法務・税務と経営戦略_01	1	歯科医院の法務・税務と経営戦略
alo:book:isbn:9784539728062	9784539728062	031438258	NOBN_20210518_実用_各種証明書のとり方_01	1	実用各種証明書のとり方
alo:book:isbn:9784539728154	9784539728154	031255892	NOBN_20210212_新債権法に基づく_建設工事請負契約約款作成の実務_01	1	新債権法に基づく建設工事請負契約約款作成の実務
alo:book:isbn:9784539728161	9784539728161	031270327	NOBN_20210220_クリニックが在宅医療をはじめようと思ったら最初に読む本_01	1	クリニックが在宅医療をはじめようと思ったら最初に読む本
alo:book:isbn:9784539728178	9784539728178	031311153	NOBN_20210312_法人税_損失計上マニュアル_01	1	法人税損失計上マニュアル
alo:book:isbn:9784539728215	9784539728215	031751294	NOBN_20211102_税理士が押さえておきたい_地主・不動産オーナーの相続発生後_関与の勘所_01	1	税理士が押さえておきたい地主・不動産オーナーの相続発生後関与の勘所
alo:book:isbn:9784539728246	9784539728246	031490628	NOBN_20210618_組織再編税制の失敗事例_01	1	組織再編税制の失敗事例
alo:book:isbn:9784539728277	9784539728277	031457423	NOBN_20210601_倒産企業の財務諸表に学ぶ_フローとストックの安全性分析_01	1	倒産企業の財務諸表に学ぶフローとストックの安全性分析
alo:book:isbn:9784539728376	9784539728376	031552660	NOBN_20210719_新しい常識_家族間契約の知識と実践_01	1	新しい常識家族間契約の知識と実践
alo:book:isbn:9784539728437	9784539728437	031552662	NOBN_20210716_リモートワークに労働時間管理はいらない_01	1	リモートワークに労働時間管理はいらない
alo:book:isbn:9784539728451	9784539728451	031848699	NOBN_20211213_トラブルを防ぐ_著作権侵害の判断と法的対応_01	1	トラブルを防ぐ著作権侵害の判断と法的対応
alo:book:isbn:9784539728628	9784539728628	031703850	NOBN_20211012_QA_遺贈寄附の法務・税務と財産別相続対策_01	1	Q&A遺贈寄附の法務・税務と財産別相続対策
alo:book:isbn:9784539728727	9784539728727	031859645	NOBN_20211221_労務不祥事の社内調査ハンドブック_01	1	労務不祥事の社内調査ハンドブック
alo:book:isbn:9784539728734	9784539728734	031908982	NOBN_20220121_知的財産権の税務と周辺実務_01	1	知的財産権の税務と周辺実務
alo:book:isbn:9784539728765	9784539728765	031908986	NOBN_20220121_IPOの労務監査_標準手順書_01	1	IPOの労務監査標準手順書
alo:book:isbn:9784539728833	9784539728833	032219306	NOBN_20220702_いちばんやさしい民事信託の税務_01	1	いちばんやさしい民事信託の税務
alo:book:isbn:9784539728871	9784539728871	032022730	NOBN_20220319_副業・兼業制度_導入・運用マニュアル_01	1	副業・兼業制度導入・運用マニュアル
alo:book:isbn:9784539728925	9784539728925	032048970	NOBN_20220403_非営利型一般社団法人による診療所開設ハンドブック_01	1	非営利型一般社団法人による診療所開設ハンドブック
alo:book:isbn:9784539728987	9784539728987	032022732	NOBN_20220319_運送業の未払い残業代問題はオール歩合給で解決しなさい_01	1	運送業の未払い残業代問題はオール歩合給で解決しなさい
alo:book:isbn:9784539729229	9784539729229	032477170	NOBN_20221119_税理士のための所有者不明土地関連法_解説と実務_01	1	税理士のための所有者不明土地関連法解説と実務
alo:book:isbn:9784539729236	9784539729236	032477169	NOBN_20221119_社長のための士業のトリセツ_01	1	社長のための士業のトリセツ
alo:book:isbn:9784539729250	9784539729250	032591163	NOBN_20230121_クラウド会計を活用した_電子帳簿保存法対応の実務_01	1	クラウド会計を活用した電子帳簿保存法対応の実務
alo:book:isbn:9784539729281	9784539729281	032417686	NOBN_20221017_柔道整復師が知っておくべき法的知識QA_01	1	柔道整復師が知っておくべき法的知識Q&A
alo:book:isbn:9784539729298	9784539729298	032427551	NOBN_20201212_配偶者居住権の法務と税務QA_01	1	配偶者居住権の法務と税務Q&A
alo:book:isbn:9784539729328	9784539729328	032591167	NOBN_20230121_トラック運送業の運輸局監査対策_01	1	トラック運送業の運輸局監査対策
alo:book:isbn:9784539729359	9784539729359	032515647	NOBN_20221209_税務申告を見据えた_遺産分割協議書の作成とケース別条項例_01	1	税務申告を見据えた遺産分割協議書の作成とケース別条項例
alo:book:isbn:9784539729403	9784539729403	032568964	NOBN_20221220_事例分析による_税賠事故リスク回避マニュアル_01	1	事例分析による税賠事故リスク回避マニュアル
alo:book:isbn:9784539729564	9784539729564	032728109	NOBN_20230405_補助金活用に役立つ経営デザインシート作成の仕方_01	1	補助金活用に役立つ経営デザインシート作成の仕方
alo:book:isbn:9784539729632	9784539729632	032660524	NOBN_20230303_はじめての法人税_01	1	はじめての法人税
alo:book:isbn:9784539729649	9784539729649	032784343	NOBN_20230511_MAを成功に導く_中小企業のPMI実践マニュアル_01	1	M&Aを成功に導く中小企業のPMI実践マニュアル
alo:book:isbn:9784539729694	9784539729694	032738895	NOBN_20230412_病医院のための税理士の選び方がわかる本_01	1	病医院のための税理士の選び方がわかる本
alo:book:isbn:9784539729748	9784539729748	032832054	NOBN_20230603_介護離職をさせない組織づくりと職務・役割等級人事制度_01	1	介護離職をさせない組織づくりと職務・役割等級人事制度
alo:book:isbn:9784539729816	9784539729816	032906027	NOBN_20230712_QA_越境ワークの法務・労務・税務ガイドブック_01	1	Q&A越境ワークの法務・労務・税務ガイドブック
alo:book:isbn:9784539729847	9784539729847	032925075	NOBN_20230721_事業承継・MAと社会保険労務士の役割_01	1	事業承継・M&Aと社会保険労務士の役割
alo:book:isbn:9784539729946	9784539729946	032972426	NOBN_20230820_小さな会社のたたみ方がサクッとわかる本_01	1	小さな会社のたたみ方がサクッとわかる本
alo:book:isbn:9784539729953	9784539729953	033041990	NOBN_20230923_社労士のための労働事件_思考の展開図_01	1	社労士のための労働事件思考の展開図
alo:book:isbn:9784539730003	9784539730003	033103184	NOBN_20231021_医師の時間外労働規制_関係法令通達集_01	1	医師の時間外労働規制関係法令通達集
alo:book:isbn:9784539730089	9784539730089	033315947	NOBN_20240221_遺品整理・特殊清掃_開業・運営ガイドブック_01	1	遺品整理・特殊清掃開業・運営ガイドブック
alo:book:isbn:9784539730171	9784539730171	033315946	NOBN_20240221_不法就労リスクを防ぐ_外国人雇用における在留資格の法律相談QA_01	1	不法就労リスクを防ぐ外国人雇用における在留資格の法律相談Q&A
alo:book:isbn:9784539730195	9784539730195	033256240	NOBN_20240121_悩める上司・人事担当者のための_問題社員未満との付き合い方_01	1	悩める上司・人事担当者のための問題社員未満との付き合い方
alo:book:isbn:9784539730218	9784539730218	033315949	NOBN_20240221_不動産オーナー・管理会社のための_事故物件対応ハンドブック_01	1	不動産オーナー・管理会社のための事故物件対応ハンドブック
alo:book:isbn:9784539730294	9784539730294	033371243	NOBN_20240321_就活前に知っておきたい_サクッとわかる労働法_01	1	就活前に知っておきたいサクッとわかる労働法
alo:book:isbn:9784539730300	9784539730300	033534218	NOBN_20240622_合併における繰越欠損金の税務_01	1	合併における繰越欠損金の税務
alo:book:isbn:9784539730423	9784539730423	033691331	NOBN_20240921_QA_事業承継に役立つ組織再編・資本政策_01	1	Q&A事業承継に役立つ組織再編・資本政策
alo:book:isbn:9784539730454	9784539730454	033735895	NOBN_20241020_医師照会・返戻事例から学ぶ_障害年金請求手続のポイント_01	1	医師照会・返戻事例から学ぶ障害年金請求手続のポイント
alo:book:isbn:9784539730522	9784539730522	033583573	NOBN_20240720_建設業の立入検査_知識と対策ハンドブック_01	1	建設業の立入検査知識と対策ハンドブック
alo:book:isbn:9784539730638	9784539730638	033735894	NOBN_20241020_訴訟事例から学ぶ_所得区分の判断基準_01	1	訴訟事例から学ぶ所得区分の判断基準
alo:book:isbn:9784539730690	9784539730690	033780685	NOBN_20241117_欧州付加価値税の論点_01	1	欧州付加価値税の論点
alo:book:isbn:9784589037763	9784589037763	027318433	NOBN_20160605_労働法の基礎構造_01	1	労働法の基礎構造
alo:book:isbn:9784589037923	9784589037923	027633560	NOBN_20161010_台湾法入門_01	1	台湾法入門
alo:book:isbn:9784589038692	9784589038692	028556664	NOBN_20171010_会社法のファイナンスとMA_01	1	会社法のファイナンスとM&A
alo:book:isbn:9784589039521	9784589039521	029325884	NOBN_20181115_電子取引時代のなりすましと「同一性」外観責任_01	1	電子取引時代のなりすましと「同一性」外観責任
alo:book:isbn:9784589040329	9784589040329	030075193	NOBN_20191130_民法入門ノート_01	1	民法入門ノート
alo:book:isbn:9784589040459	9784589040459	030113717	NOBN_20191210_SDGs時代の平和学_01	1	SDGs時代の平和学
alo:book:isbn:9784589040466	9784589040466	030185154	NOBN_20200120_民法改正と売買における契約不適合給付_01	1	民法改正と売買における契約不適合給付
alo:book:isbn:9784589040770	9784589040770	030341679	NOBN_20200415_新・ケースで学ぶ国際私法_01	1	新・ケースで学ぶ国際私法
alo:book:isbn:9784589040930	9784589040930	030647681	NOBN_20201005_改正債権法コンメンタール_01	1	改正債権法コンメンタール
alo:book:isbn:9784589041210	9784589041210	031211887	NOBN_20210125_債権法入門_01	1	債権法入門
alo:book:isbn:9784589041272	9784589041272	031288893	NOBN_20210225_遺留分制度の機能と基礎原理_01	1	遺留分制度の機能と基礎原理
alo:book:isbn:9784589041449	9784589041449	031483917	NOBN_20210620_国際人権法の考え方_01	1	国際人権法の考え方
alo:book:isbn:9784589041463	9784589041463	031375552	NOBN_20210420_医療・看護に携わる人のための人権・倫理読本_01	1	医療・看護に携わる人のための人権・倫理読本
alo:book:isbn:9784589041487	9784589041487	031513717	NOBN_20210705_企業法の改正課題_01	1	企業法の改正課題
alo:book:isbn:9784589041562	9784589041562	031429431	NOBN_20210525_リアル労働法_01	1	リアル労働法
alo:book:isbn:9784589041647	9784589041647	031531799	NOBN_20210715_18歳からはじめる知的財産法_01	1	18歳からはじめる知的財産法
alo:book:isbn:9784589041753	9784589041753	031710665	NOBN_20211015_ヘイトスピーチ規制の最前線と法理の考察_01	1	ヘイトスピーチ規制の最前線と法理の考察
alo:book:isbn:9784589041807	9784589041807	031903436	NOBN_20220101_地方自治法の基本_01	1	地方自治法の基本
alo:book:isbn:9784589041821	9784589041821	031765169	NOBN_20211101_株主平等原則と株主権の動態_01	1	株主平等原則と株主権の動態
alo:book:isbn:9784589041838	9784589041838	031848757	NOBN_20211201_法学における論理学の使用法_01	1	法学における論理学の使用法
alo:book:isbn:9784589041975	9784589041975	032106858	NOBN_20220515_アクティブ刑事訴訟法_01	1	アクティブ刑事訴訟法
alo:book:isbn:9784589041982	9784589041982	032066508	NOBN_20220420_経営学の入門_01	1	経営学の入門
alo:book:isbn:9784589042033	9784589042033	032051473	NOBN_20220415_比較から読み解く日本国憲法_01	1	比較から読み解く日本国憲法
alo:book:isbn:9784589042057	9784589042057	032084446	NOBN_20220425_判例で学ぶ憲法_01	1	判例で学ぶ憲法
alo:book:isbn:9784589042118	9784589042118	032066362	NOBN_20220415_SDGs時代のサステイナビリティ学_01	1	SDGs時代のサステイナビリティ学
alo:book:isbn:9784589042200	9784589042200	032123811	NOBN_20220520_リーディング_メディア法・情報法_01	1	リーディングメディア法・情報法
alo:book:isbn:9784589042231	9784589042231	032232818	NOBN_20220715_原理で学ぶ社会保障法_01	1	原理で学ぶ社会保障法
alo:book:isbn:9784589042255	9784589042255	032274604	NOBN_20220731_新たな時代の社会保障法_01	1	新たな時代の社会保障法
alo:book:isbn:9784589042354	9784589042354	032419879	NOBN_20221020_ステップアップ刑法総論_01	1	ステップアップ刑法総論
alo:book:isbn:9784589042392	9784589042392	032411622	NOBN_20221020_公認心理師のための法律相談_QA100_01	1	公認心理師のための法律相談Q&A100
alo:book:isbn:9784589042408	9784589042408	032419881	NOBN_20221020_行政法入門_01	1	行政法入門
alo:book:isbn:9784589042620	9784589042620	032741343	NOBN_20230425_フランス憲法と社会_01	1	フランス憲法と社会
alo:book:isbn:9784589042958	9784589042958	033184690	NOBN_20231210_ベーシック国際取引法_01	1	ベーシック国際取引法
alo:book:isbn:9784589043139	9784589043139	033390245	NOBN_20240331_EU基本権の体系_01	1	EU基本権の体系
alo:book:isbn:9784589043290	9784589043290	033336210	NOBN_20240228_『監獄の誕生』と刑罰学の言説_01	1	『監獄の誕生』と刑罰学の言説
alo:book:isbn:9784589043597	9784589043597	033858374	NOBN_20250115_条約法_01	1	条約法
alo:book:isbn:9784589043627	9784589043627	034015540	NOBN_20250415_コンメンタール労働安全衛生法_01	1	コンメンタール労働安全衛生法
alo:book:isbn:9784589043672	9784589043672	033758941	NOBN_20241105_刑事政策をつかむ_01	1	刑事政策をつかむ
alo:book:isbn:9784589043795	9784589043795	033932489	NOBN_20240225_遺留分権利者の決定の自由_01	1	遺留分権利者の決定の自由
alo:book:isbn:9784589043801	9784589043801	034065390	NOBN_20250515_違法・不当な行政からの権利救済_01	1	違法・不当な行政からの権利救済
alo:book:isbn:9784589044150	9784589044150	034056602	NOBN_20250505_ハイフォレスト民法総則_01	1	ハイフォレスト民法総則
alo:book:isbn:9784641018389	9784641018389	027126474	NOBN_20160305_旅券法逐条解説_01	1	旅券法逐条解説
alo:book:isbn:9784641038905	9784641038905	000002688585	NOBN_19980501_現代仲裁法の論点_01	1	現代仲裁法の論点
alo:book:isbn:9784641042896	9784641042896	024391798	NOBN_20130427_刑法総論の考え方・楽しみ方_01	1	刑法総論の考え方・楽しみ方
alo:book:isbn:9784641046740	9784641046740	028768648	NOBN_20180131_新・国際売買契約ハンドブック_01	1	新・国際売買契約ハンドブック
alo:book:isbn:9784641046795	9784641046795	028504098	NOBN_20170926_ケースで学ぶ_国際企業法務のエッセンス_01	1	ケースで学ぶ国際企業法務のエッセンス
alo:book:isbn:9784641046856	9784641046856	030125263	NOBN_20191220_国際法務概説_01	1	国際法務概説
alo:book:isbn:9784641046870	9784641046870	031184369	NOBN_20201224_分野別_国際条約ハンドブック_01	1	分野別国際条約ハンドブック
alo:book:isbn:9784641048249	9784641048249	029306259	NOBN_20181110_インドネシアのビジネス法務_01	1	インドネシアのビジネス法務
alo:book:isbn:9784641048263	9784641048263	030594609	NOBN_20200904_インドのビジネス法務_01	1	インドのビジネス法務
alo:book:isbn:9784641048287	9784641048287	030805170	NOBN_20201221_ミャンマーのビジネス法務_01	1	ミャンマーのビジネス法務
alo:book:isbn:9784641135802	9784641135802	023246459	NOBN_20111226_会社法実務解説_01	1	会社法実務解説
alo:book:isbn:9784641136472	9784641136472	024648948	NOBN_20130701_典型担保法の諸相_01	1	典型担保法の諸相
alo:book:isbn:9784641136670	9784641136670	025446838	NOBN_20140526_ライブ争点整理_01	1	ライブ争点整理
alo:book:isbn:9784641137165	9784641137165	026743225	NOBN_20151001_非典型担保法の課題_01	1	非典型担保法の課題
alo:book:isbn:9784641137387	9784641137387	028029777	NOBN_20170318_中小企業の事業承継_01	1	中小企業の事業承継
alo:book:isbn:9784641137769	9784641137769	028177613	NOBN_20201218_担保物権法_01	1	担保物権法
alo:book:isbn:9784641138063	9784641138063	029723112	NOBN_20190625_民事訴訟法・倒産法の研究_01	1	民事訴訟法・倒産法の研究
alo:book:isbn:9784641138384	9784641138384	030647701	NOBN_20201005_会社更生法・特別清算法_01	1	会社更生法・特別清算法
alo:book:isbn:9784641138407	9784641138407	030460999	NOBN_20200627_独禁法務の実践知_01	1	独禁法務の実践知
alo:book:isbn:9784641138568	9784641138568	031421868	NOBN_20210517_類型別_独禁民事訴訟の実務_01	1	類型別独禁民事訴訟の実務
alo:book:isbn:9784641138872	9784641138872	032219150	NOBN_20170508_信託法_01	1	信託法
alo:book:isbn:9784641138940	9784641138940	032170341	NOBN_20220608_継続的契約の規範_01	1	継続的契約の規範
alo:book:isbn:9784641150539	9784641150539	029387358	NOBN_20211130_倒産法_01	1	倒産法
alo:book:isbn:9784641166196	9784641166196	033199338	NOBN_20231214_新・マテリアル人事労務管理_01	1	新・マテリアル人事労務管理
alo:book:isbn:9784641184510	9784641184510	030678103	NOBN_20201020_司法・犯罪心理学_01	1	司法・犯罪心理学
alo:book:isbn:9784641215016	9784641215016	024465027	NOBN_20130531_実務に効く_MA・組織再編判例精選_01	1	実務に効くM&A・組織再編判例精選
alo:book:isbn:9784641215023	9784641215023	025086128	NOBN_20131218_実務に効く_コーポレート・ガバナンス判例精選_01	1	実務に効くコーポレート・ガバナンス判例精選
alo:book:isbn:9784641215047	9784641215047	025402462	NOBN_20140423_実務に効く_知的財産判例精選_01	1	実務に効く知的財産判例精選
alo:book:isbn:9784641215054	9784641215054	025592025	NOBN_20140724_実務に効く_公正取引審決判例精選_01	1	実務に効く公正取引審決判例精選
alo:book:isbn:9784641215061	9784641215061	025899962	NOBN_20141114_実務に効く_事業再生判例精選_01	1	実務に効く事業再生判例精選
alo:book:isbn:9784641215078	9784641215078	026626369	NOBN_20150806_実務に効く_国際ビジネス判例精選_01	1	実務に効く国際ビジネス判例精選
alo:book:isbn:9784641215085	9784641215085	026650846	NOBN_20150819_実務に効く_担保・債権管理判例精選_01	1	実務に効く担保・債権管理判例精選
alo:book:isbn:9784641215092	9784641215092	027287875	NOBN_20160516_実務に効く_企業犯罪とコンプライアンス判例精選_01	1	実務に効く企業犯罪とコンプライアンス判例精選
alo:book:isbn:9784641228221	9784641228221	031859638	NOBN_20211220_新・個人情報保護法の逐条解説_01	1	新・個人情報保護法の逐条解説
alo:book:isbn:9784641243026	9784641243026	028668471	NOBN_20171208_独禁法事例集_01	1	独禁法事例集
alo:book:isbn:9784766421125	9784766421125	025336958	NOBN_20140405_イギリス取引法入門_01	1	イギリス取引法入門
alo:book:isbn:9784766421637	9784766421637	025748546	NOBN_20140920_災害復興法学_01	1	災害復興法学
alo:book:isbn:9784766423792	9784766423792	027651008	NOBN_20161031_未遂犯と実行の着手_01	1	未遂犯と実行の着手
alo:book:isbn:9784766425062	9784766425062	028869344	NOBN_20180330_外国判決の承認_01	1	外国判決の承認
alo:book:isbn:9784766425215	9784766425215	028959837	NOBN_20180525_中国現地法人の労務管理_QA_01	1	中国現地法人の労務管理Q&A
alo:book:isbn:9784766425314	9784766425314	029189206	NOBN_20180823_カントの批判的法哲学_01	1	カントの批判的法哲学
alo:book:isbn:9784766425697	9784766425697	029226766	NOBN_20181012_大学生が知っておきたい消費生活と法律_01	1	大学生が知っておきたい消費生活と法律
alo:book:isbn:9784766425932	9784766425932	029569387	NOBN_20190330_自治体財政の憲法的保障_01	1	自治体財政の憲法的保障
alo:book:isbn:9784766426472	9784766426472	030164551	NOBN_20200125_大学生のための日本国憲法入門_01	1	大学生のための日本国憲法入門
alo:book:isbn:9784766426670	9784766426670	030301425	NOBN_20200330_民事訴訟における当事者の主張規律_01	1	民事訴訟における当事者の主張規律
alo:book:isbn:9784766427370	9784766427370	031323298	NOBN_20210330_国際刑法における上官責任とその国内法化_01	1	国際刑法における上官責任とその国内法化
alo:book:isbn:9784766427981	9784766427981	031967088	NOBN_20220225_民事訴訟における後訴遮断理論の再構成_01	1	民事訴訟における後訴遮断理論の再構成
alo:book:isbn:9784766429183	9784766429183	033075812	NOBN_20140920_災害復興法学_01	1	災害復興法学
alo:book:isbn:9784766429206	9784766429206	033118874	NOBN_20231104_犯罪捜査における情報技術の利用とその規律_01	1	犯罪捜査における情報技術の利用とその規律
alo:book:isbn:9784766429398	9784766429398	033260726	NOBN_20240130_保証・人的担保の論点と解釈_01	1	保証・人的担保の論点と解釈
alo:book:isbn:9784766429992	9784766429992	033835600	NOBN_20241220_美術館・博物館の事件簿_01	1	美術館・博物館の事件簿
alo:book:isbn:9784766430004	9784766430004	033818819	NOBN_20241214_ビジネス法務学の誕生_01	1	ビジネス法務学の誕生
alo:book:isbn:9784771034808	9784771034808	031348073	NOBN_20210330_刑事法判例読解の視点_01	1	刑事法判例読解の視点
alo:book:isbn:9784771035997	9784771035997	032002095	NOBN_20220310_アジア労働法入門_01	1	アジア労働法入門
alo:book:isbn:9784788281165	9784788281165	027231439	NOBN_20160509_スクイーズ・アウトと株価決定の実務_01	1	スクイーズ・アウトと株価決定の実務
alo:book:isbn:9784788281868	9784788281868	027564228	NOBN_20161025_国際税務の専門家からみた_出国税と国外財産調書等の実務_01	1	国際税務の専門家からみた出国税と国外財産調書等の実務
alo:book:isbn:9784788282117	9784788282117	027831791	NOBN_20170201_説明義務の理論と実際_01	1	説明義務の理論と実際
alo:book:isbn:9784788282124	9784788282124	027831793	NOBN_20170201_不動産明渡・引渡事件処理マニュアル_01	1	不動産明渡・引渡事件処理マニュアル
alo:book:isbn:9784788282339	9784788282339	028008178	NOBN_20170401_ケース別_農地の権利移動・転用可否判断の手引_01	1	ケース別農地の権利移動・転用可否判断の手引
alo:book:isbn:9784788282810	9784788282810	028108974	NOBN_20170501_困難事例にみる_用地取得・損失補償の実務_01	1	困難事例にみる用地取得・損失補償の実務
alo:book:isbn:9784788282896	9784788282896	028138699	NOBN_20170501_QA_改正個人情報保護法と企業対応のポイント_01	1	Q&A改正個人情報保護法と企業対応のポイント
alo:book:isbn:9784788282926	9784788282926	028138707	NOBN_20170501_判例・裁決例にみる_関連会社・役員との取引をめぐる税務判断_01	1	判例・裁決例にみる関連会社・役員との取引をめぐる税務判断
alo:book:isbn:9784788282933	9784788282933	028175537	NOBN_20170601_雇用形態・就業形態別で示す_就業規則整備のポイントと対応策_01	1	雇用形態・就業形態別で示す就業規則整備のポイントと対応策
alo:book:isbn:9784788283022	9784788283022	028207391	NOBN_20170601_抹消登記申請MEMO_01	1	抹消登記申請MEMO
alo:book:isbn:9784788283039	9784788283039	028207395	NOBN_20170701_建物漏水をめぐる法律実務_01	1	建物漏水をめぐる法律実務
alo:book:isbn:9784788283046	9784788283046	028207399	NOBN_20170701_審判例にみる家事事件における事情変更_01	1	審判例にみる家事事件における事情変更
alo:book:isbn:9784788283176	9784788283176	028358330	NOBN_20170801_家事事件における保全処分の実務と書式_01	1	家事事件における保全処分の実務と書式
alo:book:isbn:9784788283442	9784788283442	028559886	NOBN_20171101_判例にみる_債務不存在確認の実務_01	1	判例にみる債務不存在確認の実務
alo:book:isbn:9784788283701	9784788283701	028856104	NOBN_20180301_新民法対応_契約審査手続マニュアル_01	1	新民法対応契約審査手続マニュアル
alo:book:isbn:9784788283763	9784788283763	028856113	NOBN_20180401_養育費・扶養料・婚姻費用実務処理マニュアル_01	1	養育費・扶養料・婚姻費用実務処理マニュアル
alo:book:isbn:9784788284524	9784788284524	029202814	NOBN_20180801_死因贈与の法律と実務_01	1	死因贈与の法律と実務
alo:book:isbn:9784788284692	9784788284692	029328639	NOBN_20181001_訴訟類型別_訴状審査をめぐる実務_01	1	訴訟類型別訴状審査をめぐる実務
alo:book:isbn:9784788284760	9784788284760	029403461	NOBN_20181101_非公開株式評価実務マニュアル_01	1	非公開株式評価実務マニュアル
alo:book:isbn:9784788284777	9784788284777	029339559	NOBN_20181101_農地登記申請MEMO_01	1	農地登記申請memo
alo:book:isbn:9784788284869	9784788284869	029470379	NOBN_20181201_非上場株式評価のチェックリストと着眼点_01	1	非上場株式評価のチェックリストと着眼点
alo:book:isbn:9784788284876	9784788284876	029438814	NOBN_20181201_株式会社との対比でみる_合同会社の法務・登記・税務_01	1	株式会社との対比でみる合同会社の法務・登記・税務
alo:book:isbn:9784788284951	9784788284951	029512492	NOBN_20190101_介護・医療現場が知っておくべき_認知症高齢者への対応と法律問題_01	1	介護・医療現場が知っておくべき認知症高齢者への対応と法律問題
alo:book:isbn:9784788285019	9784788285019	029545186	NOBN_20190204_不動産_権利者の調査・特定をめぐる実務_01	1	不動産権利者の調査・特定をめぐる実務
alo:book:isbn:9784788285286	9784788285286	029626965	NOBN_20190402_不動産取引における_傾斜地・がけ地・擁壁の法律と実務_01	1	不動産取引における傾斜地・がけ地・擁壁の法律と実務
alo:book:isbn:9784788285781	9784788285781	029639458	NOBN_20190528_不動産取引における_心理的瑕疵・環境瑕疵_対応のポイント_01	1	不動産取引における心理的瑕疵・環境瑕疵対応のポイント
alo:book:isbn:9784788285828	9784788285828	029676354	NOBN_20190625_ミス事例でわかる_法人税の実務ポイント_01	1	ミス事例でわかる法人税の実務ポイント
alo:book:isbn:9784788285835	9784788285835	029676355	NOBN_20190624_ミス事例でわかる_源泉所得税の実務ポイント_01	1	ミス事例でわかる源泉所得税の実務ポイント
alo:book:isbn:9784788285996	9784788285996	029765792	NOBN_20190807_土壌汚染土地をめぐる法的義務と責任_01	1	土壌汚染土地をめぐる法的義務と責任
alo:book:isbn:9784788286078	9784788286078	029911246	NOBN_20190909_事例でわかる_ケアマネジャーのトラブル対応の手引_01	1	事例でわかるケアマネジャーのトラブル対応の手引
alo:book:isbn:9784788286146	9784788286146	029911249	NOBN_20190920_建設業法の課題と実務対応_電子契約化への法的アプローチ_01	1	建設業法の課題と実務対応電子契約化への法的アプローチ
alo:book:isbn:9784788286160	9784788286160	029952117	NOBN_20190926_相続登記相談対応マニュアル_01	1	相続登記相談対応マニュアル
alo:book:isbn:9784788286184	9784788286184	029952119	NOBN_20191009_相続・贈与と生命保険をめぐる_トラブル予防・対応の手引_01	1	相続・贈与と生命保険をめぐるトラブル予防・対応の手引
alo:book:isbn:9784788286290	9784788286290	029979414	NOBN_20191017_法律家のための_相続預貯金をめぐる実務_01	1	法律家のための相続預貯金をめぐる実務
alo:book:isbn:9784788286337	9784788286337	030032127	NOBN_20191107_ケース別_債権法_新・旧規定適用判断のポイント_01	1	ケース別債権法新・旧規定適用判断のポイント
alo:book:isbn:9784788286399	9784788286399	030032128	NOBN_20191120_遺産相続事件処理マニュアル_01	1	遺産相続事件処理マニュアル
alo:book:isbn:9784788286405	9784788286405	030032129	NOBN_20191126_相続土地評価実務マニュアル_01	1	相続土地評価実務マニュアル
alo:book:isbn:9784788286917	9784788286917	030276874	NOBN_20200301_実務家が陥りやすい_借地借家の落とし穴_01	1	実務家が陥りやすい借地借家の落とし穴
alo:book:isbn:9784788287426	9784788287426	030324451	NOBN_20200410_遺言執行実務マニュアル_01	1	遺言執行実務マニュアル
alo:book:isbn:9784788287433	9784788287433	030348319	NOBN_20200508_実務家が陥りやすい_相続人不存在・不在者_財産管理の落とし穴_01	1	実務家が陥りやすい相続人不存在・不在者財産管理の落とし穴
alo:book:isbn:9784788287471	9784788287471	030348323	NOBN_20200603_シミュレーションでみる_遺産分割方法のメリット・デメリット_01	1	シミュレーションでみる遺産分割方法のメリット・デメリット
alo:book:isbn:9784788287556	9784788287556	030382127	NOBN_20200601_障害者をめぐる法律相談ハンドブック_01	1	障害者をめぐる法律相談ハンドブック
alo:book:isbn:9784788287617	9784788287617	030436317	NOBN_20200915_実務家が陥りやすい_交通事故事件の落とし穴_01	1	実務家が陥りやすい交通事故事件の落とし穴
alo:book:isbn:9784788287693	9784788287693	030511800	NOBN_20200722_個別事情にみる_離婚給付の増額・減額_主張・立証のポイント_01	1	個別事情にみる離婚給付の増額・減額 主張・立証のポイント
alo:book:isbn:9784788287709	9784788287709	030511801	NOBN_20200801_相続人不存在・不在者_財産管理の手続と書式_01	1	相続人不存在・不在者財産管理の手続と書式
alo:book:isbn:9784788287938	9784788287938	030701541	NOBN_20201120_実務家が陥りやすい_離婚事件の落とし穴_01	1	実務家が陥りやすい離婚事件の落とし穴
alo:book:isbn:9784788288065	9784788288065	030770839	NOBN_20201218_新生活様式対応_人事労務管理のポイント_01	1	新生活様式対応人事労務管理のポイント
alo:book:isbn:9784788288331	9784788288331	031334087	NOBN_20210401_農地の承継・相続相談対応マニュアル_01	1	農地の承継・相続相談対応マニュアル
alo:book:isbn:9784788288867	9784788288867	031357416	NOBN_20210413_ヒアリングシートを活用した_離婚相談_聴取事項のチェックポイント_01	1	ヒアリングシートを活用した離婚相談聴取事項のチェックポイント
alo:book:isbn:9784788288935	9784788288935	031424369	NOBN_20210526_実務家が陥りやすい_破産管財の落とし穴_01	1	実務家が陥りやすい破産管財の落とし穴
alo:book:isbn:9784788288942	9784788288942	031424365	NOBN_20210519_会社役員_法務・税務の原則と例外_01	1	会社役員法務・税務の原則と例外
alo:book:isbn:9784788288959	9784788288959	031447710	NOBN_20210601_目的別_相続対策_選択ガイドブック_01	1	目的別相続対策選択ガイドブック
alo:book:isbn:9784788289000	9784788289000	031486800	NOBN_20210601_問題社員をめぐるトラブル予防・対応アドバイス_01	1	問題社員をめぐるトラブル予防・対応アドバイス
alo:book:isbn:9784788289017	9784788289017	031486802	NOBN_20210601_問題社員をめぐるトラブル予防・対応文例集_01	1	問題社員をめぐるトラブル予防・対応文例集
alo:book:isbn:9784788289048	9784788289048	031498057	NOBN_20210701_消費税_適用判断の原則と例外_01	1	消費税適用判断の原則と例外
alo:book:isbn:9784788289192	9784788289192	031597446	NOBN_20210823_タクシー事業のための_労務管理一問一答_01	1	タクシー事業のための労務管理一問一答
alo:book:isbn:9784788289222	9784788289222	031597449	NOBN_20210901_ヒアリングシートを活用した_遺産分割相談_聴取事項のチェックポイント_01	1	ヒアリングシートを活用した遺産分割相談聴取事項のチェックポイント
alo:book:isbn:9784788289390	9784788289390	031710690	NOBN_20211001_お答えします!_マンガでわかる_保育士のための法律相談_01	1	お答えします!マンガでわかる保育士のための法律相談
alo:book:isbn:9784788289420	9784788289420	031773746	NOBN_20211102_抗告・異議申立ての実務_01	1	抗告・異議申立ての実務
alo:book:isbn:9784788289451	9784788289451	031796717	NOBN_20211101_若手弁護士・パラリーガル必携_委任状書式百選_01	1	若手弁護士・パラリーガル必携委任状書式百選
alo:book:isbn:9784788289550	9784788289550	031820906	NOBN_20211101_実例から読みとく_事業承継トラブルの対応策_01	1	実例から読みとく事業承継トラブルの対応策
alo:book:isbn:9784788289567	9784788289567	031829322	NOBN_20211101_実務家が押さえておきたい_事業承継対策のリスクと対応_01	1	実務家が押さえておきたい事業承継対策のリスクと対応
alo:book:isbn:9784788289574	9784788289574	031837139	NOBN_20211201_裁判例・指針から読み解く_ハラスメント該当性の判断_01	1	裁判例・指針から読み解くハラスメント該当性の判断
alo:book:isbn:9784788289680	9784788289680	031878857	NOBN_20220101_株式会社・各種法人別_清算手続と書式_01	1	株式会社・各種法人別清算手続と書式
alo:book:isbn:9784788289802	9784788289802	031938518	NOBN_20220201_新生活様式対応_就業規則等整備・運用のポイント_01	1	新生活様式対応就業規則等整備・運用のポイント
alo:book:isbn:9784788290457	9784788290457	032109407	NOBN_20220501_簡易裁判所における_交通事故訴訟と和解の実務_01	1	簡易裁判所における交通事故訴訟と和解の実務
alo:book:isbn:9784788290518	9784788290518	032183609	NOBN_20220601_対応ミスで起こる_人事労務トラブル回避のポイント_01	1	対応ミスで起こる人事労務トラブル回避のポイント
alo:book:isbn:9784788290549	9784788290549	032235416	NOBN_20220701_所有者不明土地と空き家・空き地をめぐる法律相談_01	1	所有者不明土地と空き家・空き地をめぐる法律相談
alo:book:isbn:9784788290556	9784788290556	032235418	NOBN_20220701_近隣トラブル_解決のポイントと和解条項_01	1	近隣トラブル解決のポイントと和解条項
alo:book:isbn:9784788290969	9784788290969	032470807	NOBN_20221116_離婚事件における_家庭裁判所の判断基準と弁護士の留意点_01	1	離婚事件における家庭裁判所の判断基準と弁護士の留意点
alo:book:isbn:9784788291058	9784788291058	032494737	NOBN_20221101_最新事例でみる_発信者情報開示の可否判断_01	1	最新事例でみる発信者情報開示の可否判断
alo:book:isbn:9784788291379	9784788291379	032653309	NOBN_20230222_自動二輪車交通事故訴訟の実務_01	1	自動二輪車交通事故訴訟の実務
alo:book:isbn:9784788291935	9784788291935	032782128	NOBN_20230501_法律家・宅建業者のための_任意売却相談対応マニュアル_01	1	法律家・宅建業者のための任意売却相談対応マニュアル
alo:book:isbn:9784788291959	9784788291959	032751318	NOBN_20230425_フローチャートで分かる_不動産の共有関係解消マニュアル_01	1	フローチャートで分かる不動産の共有関係解消マニュアル
alo:book:isbn:9784788292048	9784788292048	032807882	NOBN_20230525_遺言・遺産分割による財産移転と課税関係のチェックポイント_01	1	遺言・遺産分割による財産移転と課税関係のチェックポイント
alo:book:isbn:9784788292352	9784788292352	032989554	NOBN_20230828_遺言無効紛争事件実務マニュアル_01	1	遺言無効紛争事件実務マニュアル
alo:book:isbn:9784788292727	9784788292727	033202131	NOBN_20231207_QA_労働条件変更法理の全体的考察と実務運用_01	1	Q&A労働条件変更法理の全体的考察と実務運用
alo:book:isbn:9784788293564	9784788293564	033492353	NOBN_20240528_実務でみかける_消費税の誤りやすい処理_01	1	実務でみかける消費税の誤りやすい処理
alo:book:isbn:9784788293649	9784788293649	033555703	NOBN_20240624_取引先の信用不安、休廃業・破産、民事再生、私的整理における対応のポイント_01	1	取引先の信用不安、休廃業・破産、民事再生、私的整理における対応のポイント
alo:book:isbn:9784788293687	9784788293687	033555704	NOBN_20240625_法人形態・事業展開からみた_公益法人等の収益事業判断393事例_01	1	法人形態・事業展開からみた公益法人等の収益事業判断393事例
alo:book:isbn:9784788293847	9784788293847	033732906	NOBN_20241022_QA_実務家のためのフリーランス法のポイントと実務対応_01	1	Q&A実務家のためのフリーランス法のポイントと実務対応
alo:book:isbn:9784797211634	9784797211634	000011054209	NOBN_20201218_担保物権法_01	1	担保物権法
alo:book:isbn:9784797212655	9784797212655	025856862	NOBN_20141027_地方自治法改正史_01	1	地方自治法改正史
alo:book:isbn:9784797214703	9784797214703	027797869	NOBN_20161228_社会保障・福祉六法_01	1	社会保障・福祉六法
alo:book:isbn:9784797223989	9784797223989	032449576	NOBN_20221031_新漁業法_01	1	新漁業法
alo:book:isbn:9784797255676	9784797255676	031824203	NOBN_20211130_ドイツ進出企業の労働問題_01	1	ドイツ進出企業の労働問題
alo:book:isbn:9784797255782	9784797255782	032766818	NOBN_20230428_ドイツとEUにおける税務裁判_01	1	ドイツとEUにおける税務裁判
alo:book:isbn:9784797280609	9784797280609	033433342	NOBN_20221125_災害行政法_01	1	災害行政法
alo:book:isbn:9784797281101	9784797281101	031762367	NOBN_20211031_国際人権法と日本の法制_01	1	国際人権法と日本の法制
alo:book:isbn:9784797281118	9784797281118	032051710	NOBN_20220330_新聞記事と国際法の話_01	1	新聞記事と国際法の話
alo:book:isbn:9784797281132	9784797281132	032350946	NOBN_20220831_マンションの管理組合とは何か_01	1	マンションの管理組合とは何か
alo:book:isbn:9784797281163	9784797281163	032569075	NOBN_20221228_国際協力と多文化共生_01	1	国際協力と多文化共生
alo:book:isbn:9784797281170	9784797281170	032766816	NOBN_20230424_国際紛争の解決方法_01	1	国際紛争の解決方法
alo:book:isbn:9784797282337	9784797282337	030271136	NOBN_20200229_倒産手続と情報資産_01	1	倒産手続と情報資産
alo:book:isbn:9784797287875	9784797287875	032766821	NOBN_20230426_宇宙法の形成_01	1	宇宙法の形成
alo:book:isbn:9784817839541	9784817839541	000011286965	NOBN_20110901_原発事故・損害賠償マニュアル_01	1	原発事故・損害賠償マニュアル
alo:book:isbn:9784817839879	9784817839879	023630638	NOBN_20120525_QA_法人登記の実務_農事組合法人_01	1	Q&A法人登記の実務農事組合法人
alo:book:isbn:9784817840578	9784817840578	024276805	NOBN_20130301_QA_法人登記の実務_農業協同組合_01	1	Q&A法人登記の実務農業協同組合
alo:book:isbn:9784817840820	9784817840820	024440496	NOBN_20130501_現代取引社会における継続的契約の法理と判例_01	1	現代取引社会における継続的契約の法理と判例
alo:book:isbn:9784817841261	9784817841261	025007988	NOBN_20131118_QA法人登記の実務_事業協同組合_01	1	Q&A法人登記の実務事業協同組合
alo:book:isbn:9784817841995	9784817841995	025926540	NOBN_20141128_供託実務事例集_01	1	供託実務事例集
alo:book:isbn:9784817842367	9784817842367	026442053	NOBN_20150622_財産管理の理論と実務_01	1	財産管理の理論と実務
alo:book:isbn:9784817842480	9784817842480	026735222	NOBN_20150914_デジタル証拠の法律実務_QA_01	1	デジタル証拠の法律実務Q&A
alo:book:isbn:9784817842602	9784817842602	026826040	NOBN_20151030_建築瑕疵の法律と実務_01	1	建築瑕疵の法律と実務
alo:book:isbn:9784817842671	9784817842671	026811150	NOBN_20151030_知財審決取消訴訟の理論と実務_01	1	知財審決取消訴訟の理論と実務
alo:book:isbn:9784817842688	9784817842688	026864141	NOBN_20151116_企業のための弁護士活用術_01	1	企業のための弁護士活用術
alo:book:isbn:9784817842787	9784817842787	026985181	NOBN_20151216_一般社団法人・財団法人制度と登記の実務_01	1	一般社団法人・財団法人制度と登記の実務
alo:book:isbn:9784817842824	9784817842824	027065429	NOBN_20160129_信託の理論と実務入門_01	1	信託の理論と実務入門
alo:book:isbn:9784817843166	9784817843166	027449859	NOBN_20160601_再生可能エネルギービジネスの法律と実務_01	1	再生可能エネルギービジネスの法律と実務
alo:book:isbn:9784817843500	9784817843500	027753637	NOBN_20161130_工場抵当及び工場財団に関する登記_01	1	工場抵当及び工場財団に関する登記
alo:book:isbn:9784817843746	9784817843746	028038190	NOBN_20170313_裁判例からみた_相続人不存在の場合における特別縁故者への相続財産分与審判の実務_01	1	裁判例からみた相続人不存在の場合における特別縁故者への相続財産分与審判の実務
alo:book:isbn:9784817843821	9784817843821	028061724	NOBN_20170323_信託法からみた_民事信託の実務と信託契約書例_01	1	信託法からみた民事信託の実務と信託契約書例
alo:book:isbn:9784817844002	9784817844002	028305987	NOBN_20170601_相続手続が簡単に_法定相続情報証明制度の利用の仕方_01	1	相続手続が簡単に法定相続情報証明制度の利用の仕方
alo:book:isbn:9784817844170	9784817844170	028471988	NOBN_20170831_出入国管理制度ガイドブック_01	1	出入国管理制度ガイドブック
alo:book:isbn:9784817844224	9784817844224	028539706	NOBN_20170929_技能実習法の実務_01	1	技能実習法の実務
alo:book:isbn:9784817844385	9784817844385	028633329	NOBN_20171113_主文例からみた請求の趣旨記載例集_01	1	主文例からみた請求の趣旨記載例集
alo:book:isbn:9784817844484	9784817844484	028706671	NOBN_20171214_先例から読み解く!土地の表示に関する登記の実務_01	1	先例から読み解く!土地の表示に関する登記の実務
alo:book:isbn:9784817844569	9784817844569	028848024	NOBN_20180228_現代国際ビジネス法_01	1	現代国際ビジネス法
alo:book:isbn:9784817844613	9784817844613	028884588	NOBN_20180301_有期契約社員の無期転換制度_実務対応のすべて_01	1	有期契約社員の無期転換制度実務対応のすべて
alo:book:isbn:9784817844750	9784817844750	028986699	NOBN_20180530_不動産・商業・法人登記実務事例集_01	1	不動産・商業・法人登記実務事例集
alo:book:isbn:9784817844767	9784817844767	028993887	NOBN_20180524_相続法改正のポイントと実務への影響_01	1	相続法改正のポイントと実務への影響
alo:book:isbn:9784817844798	9784817844798	028999949	NOBN_20180501_コーポレートガバナンスにおける社外取締役・社外監査役の役割と実務_01	1	コーポレートガバナンスにおける社外取締役・社外監査役の役割と実務
alo:book:isbn:9784817844927	9784817844927	029106318	NOBN_20180725_時効・期間制限の理論と実務_01	1	時効・期間制限の理論と実務
alo:book:isbn:9784817845122	9784817845122	029301735	NOBN_20181107_スキルアップ法律事務_破産申立ての事務手続_01	1	スキルアップ法律事務破産申立ての事務手続
alo:book:isbn:9784817845207	9784817845207	029301739	NOBN_20181031_先例から読み解く!建物の表示に関する登記の実務_01	1	先例から読み解く!建物の表示に関する登記の実務
alo:book:isbn:9784817845214	9784817845214	029310956	NOBN_20181105_デジタル法務の実務_QA_01	1	デジタル法務の実務Q&A
alo:book:isbn:9784817845276	9784817845276	029336304	NOBN_20181126_事例解説_未成年後見実務_01	1	事例解説未成年後見実務
alo:book:isbn:9784817845337	9784817845337	029387317	NOBN_20181201_渉外相続・不動産登記・会社取引等で役に立つ_英文の法律・法的文書作成に関する実践と書式_01	1	渉外相続・不動産登記・会社取引等で役に立つ英文の法律・法的文書作成に関する実践と書式
alo:book:isbn:9784817845436	9784817845436	029592745	NOBN_20190301_国家賠償法実務ハンドブック_01	1	国家賠償法実務ハンドブック
alo:book:isbn:9784817845467	9784817845467	029592715	NOBN_20190301_不動産の共有と更正の登記をめぐる理論と実務_01	1	不動産の共有と更正の登記をめぐる理論と実務
alo:book:isbn:9784817845597	9784817845597	029721154	NOBN_20190620_債権法改正と家庭裁判所の実務_01	1	債権法改正と家庭裁判所の実務
alo:book:isbn:9784817845627	9784817845627	029715705	NOBN_20190617_地域金融機関の信託・相続関連業務の手引き_01	1	地域金融機関の信託・相続関連業務の手引き
alo:book:isbn:9784817845757	9784817845757	029813363	NOBN_20190701_広告法律相談125問_01	1	広告法律相談125問
alo:book:isbn:9784817845870	9784817845870	029988668	NOBN_20191009_改正相続法と家庭裁判所の実務_01	1	改正相続法と家庭裁判所の実務
alo:book:isbn:9784817845917	9784817845917	030014733	NOBN_20191001_事例詳解_介護現場における虐待・事故の予防と対応_01	1	事例詳解介護現場における虐待・事故の予防と対応
alo:book:isbn:9784817845962	9784817845962	030051023	NOBN_20191101_弁護士が答える民事信託QA100_01	1	弁護士が答える民事信託Q&A100
alo:book:isbn:9784817846167	9784817846167	030167791	NOBN_20200101_初心者のための特許クレームの解釈_01	1	初心者のための特許クレームの解釈
alo:book:isbn:9784817846204	9784817846204	030221675	NOBN_20200101_デジタル遺産の法律実務QA_01	1	デジタル遺産の法律実務Q&A
alo:book:isbn:9784817846273	9784817846273	030237540	NOBN_20200201_民事執行法及びハーグ条約実施法等改正のポイントと実務への影響_01	1	民事執行法及びハーグ条約実施法等改正のポイントと実務への影響
alo:book:isbn:9784817846501	9784817846501	030492450	NOBN_20200701_地下アイドルの法律相談_01	1	地下アイドルの法律相談
alo:book:isbn:9784817846730	9784817846730	030631656	NOBN_20160129_信託の理論と実務入門_01	1	信託の理論と実務入門
alo:book:isbn:9784817846891	9784817846891	030796084	NOBN_20201201_ストーリーと裁判例から知る_遺言無効主張の相談を受けたときの留意点_01	1	ストーリーと裁判例から知る遺言無効主張の相談を受けたときの留意点
alo:book:isbn:9784817846921	9784817846921	030778721	NOBN_20201101_現代型ビジネスシーン別_契約条項例とチェックポイント_01	1	現代型ビジネスシーン別契約条項例とチェックポイント
alo:book:isbn:9784817847089	9784817847089	031317289	NOBN_20210301_信託法からみた民事信託の手引き_01	1	信託法からみた民事信託の手引き
alo:book:isbn:9784817847133	9784817847133	031317275	NOBN_20210301_運送会社のための労務管理・働き方改革対応マニュアル_01	1	運送会社のための労務管理・働き方改革対応マニュアル
alo:book:isbn:9784817847164	9784817847164	031353456	NOBN_20210301_インターネット削除請求・発信者情報開示請求の実務と書式_01	1	インターネット削除請求・発信者情報開示請求の実務と書式
alo:book:isbn:9784817847287	9784817847287	031462590	NOBN_20210501_事例詳解_介護現場における苦情・ハラスメント対応の実務_01	1	事例詳解介護現場における苦情・ハラスメント対応の実務
alo:book:isbn:9784817847331	9784817847331	031462579	NOBN_20210501_QA_令和3年民法・不動産登記法改正の要点と実務への影響_01	1	Q&A令和3年民法・不動産登記法改正の要点と実務への影響
alo:book:isbn:9784817847423	9784817847423	031571447	NOBN_20210701_実践演習_民事弁護起案_01	1	実践演習民事弁護起案
alo:book:isbn:9784817847539	9784817847539	032494627	NOBN_20221101_QA_傷害・医療保険に関する法律と実務_01	1	Q&A傷害・医療保険に関する法律と実務
alo:book:isbn:9784817847577	9784817847577	031728544	NOBN_20211001_QA_競業避止、営業秘密侵害等の不正競争に関する実務_01	1	Q&A競業避止、営業秘密侵害等の不正競争に関する実務
alo:book:isbn:9784817847621	9784817847621	031765163	NOBN_20211001_行為類型別_詐害行為取消訴訟の実務_01	1	行為類型別詐害行為取消訴訟の実務
alo:book:isbn:9784817847836	9784817847836	032002027	NOBN_20220201_QA_若手弁護士からの相談203問_01	1	Q&A若手弁護士からの相談203問
alo:book:isbn:9784817848109	9784817848109	032293687	NOBN_20190701_広告法律相談125問_01	1	広告法律相談125問
alo:book:isbn:9784817848215	9784817848215	032333778	NOBN_20220801_カスハラ対策実務マニュアル_01	1	カスハラ対策実務マニュアル
alo:book:isbn:9784817848314	9784817848314	032377803	NOBN_20220901_倒産法講義_01	1	倒産法講義
alo:book:isbn:9784817848499	9784817848499	032422724	NOBN_20221001_QA_実務家のためのYouTube法務の手引き_01	1	Q&A実務家のためのYouTube法務の手引き
alo:book:isbn:9784817848536	9784817848536	032518217	NOBN_20221101_新アプリ法務ハンドブック_01	1	新アプリ法務ハンドブック
alo:book:isbn:9784817848703	9784817848703	032766732	NOBN_20230401_ライブコマースの法律_01	1	ライブコマースの法律
alo:book:isbn:9784817849045	9784817849045	033059658	NOBN_20150914_デジタル証拠の法律実務_QA_01	1	デジタル証拠の法律実務Q&A
alo:book:isbn:9784817849168	9784817849168	033134110	NOBN_20190701_広告法律相談125問_01	1	広告法律相談125問
alo:book:isbn:9784817850157	9784817850157	034221560	NOBN_20250728_AIと法_実務大全_01	1	AIと法実務大全
alo:book:isbn:9784818519053	9784818519053	030095825	NOBN_20191201_認知症介護と仕事の両立ハンドブック_01	1	認知症介護と仕事の両立ハンドブック
alo:book:isbn:9784818519497	9784818519497	032943555	NOBN_20230820_ビジネス必携_伝わる文章の裏ワザ・表ワザ_01	1	ビジネス必携伝わる文章の裏ワザ・表ワザ
alo:book:isbn:9784820726760	9784820726760	029035736	NOBN_20180627_若手弁護士のための民事弁護初動対応の実務_01	1	若手弁護士のための民事弁護初動対応の実務
alo:book:isbn:9784820727637	9784820727637	030125583	NOBN_20191220_企業法務のための初動対応の実務_01	1	企業法務のための初動対応の実務
alo:book:isbn:9784820728252	9784820728252	030433855	NOBN_20200613_コンプライアンス実務ハンドブック_01	1	コンプライアンス実務ハンドブック
alo:book:isbn:9784827113426	9784827113426	030498252	NOBN_20200706_知財部という仕事_01	1	知財部という仕事
alo:book:isbn:9784827113815	9784827113815	032769622	NOBN_20230418_意匠法講義_01	1	意匠法講義
alo:book:isbn:9784827113891	9784827113891	033333756	NOBN_20240214_産学連携関係者のための契約の「いろは」_01	1	産学連携関係者のための契約の「いろは」
alo:book:isbn:9784827114041	9784827114041	033775633	NOBN_20241029_企業と商標のウマい付き合い方談義_01	1	企業と商標のウマい付き合い方談義
alo:book:isbn:9784827114157	9784827114157	034159584	NOBN_20250620_NEW_欧州特許出願実務ガイド_01	1	NEW欧州特許出願実務ガイド
alo:book:isbn:9784827114188	9784827114188	034056792	NOBN_20250421_自明性に関する米国特許重要判例_01	1	自明性に関する米国特許重要判例
alo:book:isbn:9784827114232	9784827114232	034282488	NOBN_20250829_日米欧_AI・ソフトウエア関連発明の審査基準・事例分析と特許出願ドラフト戦略_01	1	日米欧AI・ソフトウエア関連発明の審査基準・事例分析と特許出願ドラフト戦略
alo:book:isbn:9784860311704	9784860311704	031781927	NOBN_20211101_地理的表示法制の研究_01	1	地理的表示法制の研究
alo:book:isbn:9784863263475	9784863263475	032660206	NOBN_20230307_労働判例に学ぶ介護事業の労務管理_01	1	労働判例に学ぶ介護事業の労務管理
alo:book:isbn:9784865561197	9784865561197	027750238	NOBN_20161211_MA・アライアンス契約書の作成と審査の実務_01	1	M&A・アライアンス契約書の作成と審査の実務
alo:book:isbn:9784865562286	9784865562286	028979276	NOBN_20180528_判例にみる慰謝料算定の実務_01	1	判例にみる慰謝料算定の実務
alo:book:isbn:9784865562408	9784865562408	029214100	NOBN_20181001_QA限定承認・相続放棄の実務と書式_01	1	Q&A限定承認・相続放棄の実務と書式
alo:book:isbn:9784865562767	9784865562767	029531239	NOBN_20190316_戦略的株式活用の手法と実践_01	1	戦略的株式活用の手法と実践
alo:book:isbn:9784865562941	9784865562941	029641307	NOBN_20190524_宗教法人実務書式集_01	1	宗教法人実務書式集
alo:book:isbn:9784865564372	9784865564372	031370413	NOBN_20210426_農業法務のすべて_01	1	農業法務のすべて
alo:book:isbn:9784865564655	9784865564655	031682351	NOBN_20211008_争点整理の考え方と実務_01	1	争点整理の考え方と実務
alo:book:isbn:9784865564808	9784865564808	031888984	NOBN_20220120_テレワーク・フリーランスの労務・業務管理QA_01	1	テレワーク・フリーランスの労務・業務管理Q&A
alo:book:isbn:9784865564815	9784865564815	031864942	NOBN_20211210_失敗事例に学ぶ生活保護の現場対応QA_01	1	失敗事例に学ぶ生活保護の現場対応Q&A
alo:book:isbn:9784865565263	9784865565263	032499768	NOBN_20171120_建築訴訟_01	1	建築訴訟
alo:book:isbn:9784865565447	9784865565447	032566903	NOBN_20230126_経済安全保障推進法と企業法務_01	1	経済安全保障推進法と企業法務
alo:book:isbn:9784865566369	9784865566369	033771417	NOBN_20241120_和解の考え方と実務_01	1	和解の考え方と実務
alo:book:isbn:9784865566581	9784865566581	033828539	NOBN_20241225_森林業法務のすべて_01	1	森林業法務のすべて
alo:book:isbn:9784865566598	9784865566598	033857619	NOBN_20250123_弁護士とケースワーカーの連携による生活保護の現場対応QA_01	1	弁護士とケースワーカーの連携による生活保護の現場対応Q&A
alo:book:isbn:9784868210146	9784868210146	034065573	NOBN_20250514_AIを超える知恵で解決_労務トラブル40_01	1	AIを超える知恵で解決労務トラブル40
alo:book:isbn:9784877985530	9784877985530	024704928	NOBN_20130805_責任能力を争う刑事弁護_01	1	責任能力を争う刑事弁護
alo:book:isbn:9784877986278	9784877986278	027246793	NOBN_20160425_挑戦する交通事件弁護_01	1	挑戦する交通事件弁護
alo:book:isbn:9784877987367	9784877987367	030007292	NOBN_20191025_情状弁護アドバンス_01	1	情状弁護アドバンス
alo:book:isbn:9784877987756	9784877987756	031334233	NOBN_20210330_こんなときどうする刑事弁護の知恵袋_01	1	こんなときどうする刑事弁護の知恵袋
alo:book:isbn:9784883843596	9784883843596	032756764	NOBN_20161014_金融商品取引法_01	1	金融商品取引法
alo:book:isbn:9784883843619	9784883843619	032774673	NOBN_20230425_コア・ゼミナール_会社法_01	1	コア・ゼミナール会社法
alo:book:isbn:9784896284362	9784896284362	000009273235	NOBN_20080125_動産売買先取特権に基づく物上代位論_01	1	動産売買先取特権に基づく物上代位論
alo:book:isbn:9784896286625	9784896286625	000011141633	NOBN_20110210_警告表示・誤使用の判例と法理_01	1	警告表示・誤使用の判例と法理
alo:book:isbn:9784897612768	9784897612768	000008366246	NOBN_20060408_労働裁判における和解の実際_01	1	労働裁判における和解の実際
alo:book:isbn:9784897615813	9784897615813	026817084	NOBN_20151110_タブーの労務管理_01	1	タブーの労務管理
alo:book:isbn:9784897616650	9784897616650	028361697	NOBN_20170726_改正外国人技能実習制度の実務_01	1	改正外国人技能実習制度の実務
alo:book:isbn:9784897617060	9784897617060	029050806	NOBN_20180702_実務に即した労災認定の考え方と申請のポイント_01	1	実務に即した労災認定の考え方と申請のポイント
alo:book:isbn:9784897617299	9784897617299	029449755	NOBN_20190125_社労士のための_わかりやすい補佐人制度の解説_01	1	社労士のためのわかりやすい補佐人制度の解説
alo:book:isbn:9784897617312	9784897617312	029452672	NOBN_20190129_実務家のための_100の実践事例で分かる入管手続き_01	1	実務家のための100の実践事例で分かる入管手続き
alo:book:isbn:9784897617879	9784897617879	030072710	NOBN_20191127_外国人建設労働者の現場受入れのポイント_01	1	外国人建設労働者の現場受入れのポイント
alo:book:isbn:9784897618081	9784897618081	030402618	NOBN_20200525_イラストで解説_パワハラ防止法・指針_01	1	イラストで解説パワハラ防止法・指針
alo:book:isbn:9784897618258	9784897618258	030557939	NOBN_20200820_135の判例に学ぶパワーハラスメントの真実_01	1	135の判例に学ぶパワーハラスメントの真実
alo:book:isbn:9784897618395	9784897618395	031186331	NOBN_20201224_自然災害発生・感染症流行時の労務リスク低減のポイント_01	1	自然災害発生・感染症流行時の労務リスク低減のポイント
alo:book:isbn:9784897618418	9784897618418	031185876	NOBN_20201225_新_採用戦略ハンドブック_01	1	新採用戦略ハンドブック
alo:book:isbn:9784897618463	9784897618463	031256010	NOBN_20210209_退職勧奨と雇用調整の超実務_01	1	退職勧奨と雇用調整の超実務
alo:book:isbn:9784897618562	9784897618562	031383599	NOBN_20210420_LGBTと労務_01	1	LGBTと労務
alo:book:isbn:9784897618807	9784897618807	031995009	NOBN_20220225_これからの高年齢者雇用・対応の実務_01	1	これからの高年齢者雇用・対応の実務
alo:book:isbn:9784897619057	9784897619057	032502572	NOBN_20180702_実務に即した労災認定の考え方と申請のポイント_01	1	実務に即した労災認定の考え方と申請のポイント
alo:book:isbn:9784897619415	9784897619415	033042714	NOBN_20230925_離職防止に向けた働き方改革の実践ガイド_01	1	離職防止に向けた働き方改革の実践ガイド
alo:book:isbn:9784897619651	9784897619651	033338746	NOBN_20240226_ジェンダーフリーの生き方・働き方ガイドブック_01	1	ジェンダーフリーの生き方・働き方ガイドブック
alo:book:isbn:9784903867205	9784903867205	032211213	NOBN_20211224_新_労働相談実践マニュアル_01	1	新労働相談実践マニュアル
alo:book:isbn:9784906929443	9784906929443	026975791	NOBN_20151201_裁判と法律あらかると_01	1	裁判と法律あらかると
alo:book:isbn:9784906929757	9784906929757	029269368	NOBN_20180901_逮捕勾留プラクティス_01	1	逮捕勾留プラクティス
alo:book:isbn:9784906929764	9784906929764	029262118	NOBN_20180901_民事保全の理論と実務_01	1	民事保全の理論と実務
alo:book:isbn:9784906929856	9784906929856	030713389	NOBN_20201001_捜索差押等プラクティス_01	1	捜索差押等プラクティス
alo:book:isbn:9784906929863	9784906929863	031368437	NOBN_20210301_民事保全・証拠保全等プラクティス_01	1	民事保全・証拠保全等プラクティス
alo:book:isbn:9784906929870	9784906929870	031256187	NOBN_20210101_少額訴訟の理論と実務_01	1	少額訴訟の理論と実務
alo:book:isbn:9784908069567	9784908069567	027219757	NOBN_20171216_若手弁護士のための初動対応の実務_01	1	若手弁護士のための初動対応の実務
alo:book:isbn:9784909712028	9784909712028	030007201	NOBN_20180730_詳説_臨床研究法_01	1	詳説臨床研究法
alo:book:isbn:9784909712035	9784909712035	029403582	NOBN_20181029_詳説_個人情報保護法_01	1	詳説個人情報保護法
alo:book:manual:title_2631	9784827114195	034270394	NOBN_20250908_初学者のための_欧州特許手続入門_01	1	初学者のための欧州特許手続入門
alo:book:manual:title_2707	9784803743548	034078687	NOBN_20250520_判例講座刑法総論_01	1	判例講座刑法総論
alo:book:manual:title_2924	9784863263802	033681276	NOBN_20240924_医療過誤弁護士_銀子_01	1	医療過誤弁護士銀子
alo:book:manual:title_3008	9784788293632	033534681	NOBN_20240614_QA_未分割遺産の税務_01	1	Q&A未分割遺産の税務
alo:book:manual:title_3051	9784863263758	033410407	NOBN_20240423_人事評価制度のつくり方がよくわかる本_01	1	人事評価制度のつくり方がよくわかる本
alo:book:manual:title_3201	9784788292734	033215152	NOBN_20231214_ケースでわかる_離婚後のトラブル対応の実務_01	1	ケースでわかる離婚後のトラブル対応の実務
alo:book:manual:title_3207	9784863263673	033187504	NOBN_20231207_裁判例・労働委員会命令にみる_不当労働行為性の判断基準_01	1	裁判例・労働委員会命令にみる不当労働行為性の判断基準
alo:book:manual:title_3244	9784788292574	033121579	NOBN_20231102_ケースでみる_境界確認の困難要因と実務対応_01	1	ケースでみる境界確認の困難要因と実務対応
alo:book:manual:title_3256	9784788292499	033113949	NOBN_20231024_税理士が知っておきたい_遺言書でできる相続対策_01	1	税理士が知っておきたい遺言書でできる相続対策
alo:book:manual:title_3309	9784788292369	033020554	NOBN_20230907_ケース別_特別受益、寄与分・特別寄与料、遺留分_認定のポイントと算定方法_01	1	ケース別特別受益、寄与分・特別寄与料、遺留分認定のポイントと算定方法
alo:book:manual:title_3366	9784863263635	032895940	NOBN_20230706_多様な働き方に対応した労使協定のつくり方_01	1	多様な働き方に対応した労使協定のつくり方
alo:book:manual:title_3387	9784788292154	032876175	NOBN_20230621_こどもの福祉・医療・権利擁護_相談支援ハンドブック_01	1	こどもの福祉・医療・権利擁護相談支援ハンドブック
alo:book:manual:title_3511	9784803707274	032689293	NOBN_20230315_風俗事犯捜査ハンドブック_01	1	風俗事犯捜査ハンドブック
alo:book:manual:title_3517	9784788291362	032683095	NOBN_20230313_事例にみる_新類型・非典型交通事故の過失相殺_01	1	事例にみる新類型・非典型交通事故の過失相殺
alo:book:manual:title_3526	9784788291386	032670877	NOBN_20230303_論点別インデックスで引く_養育費・婚姻費用判断の考慮要素_01	1	論点別インデックスで引く養育費・婚姻費用判断の考慮要素
alo:book:manual:title_3575	9784788291287	032640620	NOBN_20230201_DV・児童虐待事件処理マニュアル_01	1	DV・児童虐待事件処理マニュアル
alo:book:manual:title_3588	9784863263406	032564014	NOBN_20230121_労働判例から経営を学ぶ15講_01	1	労働判例から経営を学ぶ15講
alo:book:manual:title_3672	9784803707250	032468514	NOBN_20221110_注釈風俗営業法_01	1	注釈風俗営業法
alo:book:manual:title_3694	9784863263345	032425362	NOBN_20221026_協同労働入門_01	1	協同労働入門
alo:book:manual:title_3721	9784788290914	032471032	NOBN_20221001_税理士が知っておきたい_相続発生後でもできる相続税対策_01	1	税理士が知っておきたい相続発生後でもできる相続税対策
alo:book:manual:title_3723	9784788290822	032393274	NOBN_20221001_相続不動産評価の原則と例外_01	1	相続不動産評価の原則と例外
alo:book:manual:title_3785	9784863263284	032257149	NOBN_20220808_選択型人事制度の設計と社内規程_01	1	選択型人事制度の設計と社内規程
alo:book:manual:title_3831	9784863263260	032188547	NOBN_20220623_ゼロから学ぶ労働法_01	1	ゼロから学ぶ労働法
alo:book:manual:title_3860	9784883841219	000009259592	NOBN_20220520_刑法総論_01	1	刑法総論
alo:book:manual:title_3944	9784641233461	033995520	NOBN_20231104_民法_01	1	民法
alo:book:manual:title_4029	9784788289673	031878856	NOBN_20220101_医療機関の事業承継相談対応マニュアル_01	1	医療機関の事業承継相談対応マニュアル
alo:book:manual:title_4063	9784788289581	031837457	NOBN_20211202_自動運転・運転支援と交通事故賠償責任_01	1	自動運転・運転支援と交通事故賠償責任
alo:book:manual:title_4073	9784004302124	000002167992	NOBN_20211129_子どもと学校_01	1	子どもと学校
alo:book:manual:title_4231	9784863263130	031470044	NOBN_20210622_リスクの見える化と逆算思考による_最適なパワハラ対応_01	1	リスクの見える化と逆算思考による最適なパワハラ対応
alo:book:manual:title_4471	9784532113506	027082153	NOBN_20201201_倒産法入門_01	1	倒産法入門
alo:book:manual:title_4557	9784535514751	000007681137	NOBN_20220331_初歩からはじめる物権法_01	1	初歩からはじめる物権法
alo:book:manual:title_4913	9784803724929	029840272	NOBN_20190810_刑事手続法の論点_01	1	刑事手続法の論点
alo:book:manual:title_5060	9784803724912	029454300	NOBN_20190215_取調べハンドブック_01	1	取調べハンドブック
alo:book:manual:title_5387	9784803729016	028544562	NOBN_20171001_労働事件事実認定重要判決50選_01	1	労働事件事実認定重要判決50選
alo:book:manual:title_5468	9784803742787	028146996	NOBN_20170520_不当要求等対処ハンドブック_01	1	不当要求等対処ハンドブック
alo:book:manual:title_5531	9784535521742	027924207	NOBN_20170220_2016年改正刑事訴訟法・通信傍受法条文解析_01	1	2016年改正刑事訴訟法・通信傍受法条文解析
alo:book:manual:title_5562	9784803724851	027789095	NOBN_20170101_新時代における刑事実務_01	1	新時代における刑事実務
alo:book:manual:title_5701	9784803742732	027045540	NOBN_20160201_実践_財務捜査_01	1	実践財務捜査
alo:book:manual:title_5818	9784803728026	026192000	NOBN_20150310_民事事実認定重要判決50選_01	1	民事事実認定重要判決50選
alo:book:manual:title_5940	9784803728019	023778626	NOBN_20120715_家事事件重要判決50選_01	1	家事事件重要判決50選
alo:book:manual:title_5951	9784803701401	023383699	NOBN_20120220_警察官のための剣道_01	1	警察官のための剣道
alo:book:manual:title_5958	9784803742602	000011266893	NOBN_20110905_捜査・公判のための実務用語・略語・隠語辞典_01	1	捜査・公判のための実務用語・略語・隠語辞典
alo:book:manual:title_5972	9784803722260	000011174726	NOBN_20110420_実務のための警察行政法_01	1	実務のための警察行政法
alo:book:manual:title_5973	9784803724660	000011164294	NOBN_20110215_QA_実例_取調べの実際_01	1	Q&A実例取調べの実際
alo:book:manual:title_5975	9784803743166	000011062245	NOBN_20101115_実務のための財産犯講座_01	1	実務のための財産犯講座
alo:book:manual:title_5979	9784803708233	000010997371	NOBN_20101001_少年事件重要判決50選_01	1	少年事件重要判決50選
alo:book:manual:title_6035	9784535596078	028950782	NOBN_19560715_新憲法逐条解説_01	1	新憲法逐条解説
alo:book:manual:title_6307	9784641243422	030798599	NOBN_20100917_知的財産法入門_01	1	知的財産法入門
